Actual,Predicted
977.9999999999999,1105.1987202875732
1608.0000000000005,1801.7951184025267
2236.000000000001,2064.2895077648327
2833.999999999999,2782.629344223259
2591.0,2427.5842563842116
5147.000000000003,3975.941989545783
891.0000000000002,1066.0242995026779
2143.0,2020.4115679168522
2477.0,2392.587236236131
1660.0000000000002,2418.1075194960745
2133.0000000000005,1895.9715288532175
2251.000000000001,2209.691843113357
2462.9999999999995,2286.3360329919587
2775.000000000001,2163.7982669793296
3813.999999999997,4315.790854120324
1454.0000000000007,1319.7761221853505
1632.0,1409.7353002041139
2387.000000000001,2742.5934958805033
1472.9999999999998,1632.4496454742991
2729.0000000000005,2467.3774029624524
1428.0,1488.1430524590592
2605.0000000000005,2597.613041876824
2823.999999999999,2010.8502135234812
1982.9999999999993,1747.2650092495053
1021.0000000000001,1033.7931087539093
2005.000000000001,2184.1967901691596
2101.000000000001,2142.3007879360903
2189.000000000001,2220.8439250475417
2034.9999999999998,1989.9809533768919
2065.0000000000005,2150.1443039367937
1199.0,1252.2906033078584
3279.9999999999977,3714.9869460703485
3051.0,2842.9848500064945
2236.9999999999995,1838.1099244867503
1446.0,1615.285984866226
2265.000000000001,2457.93189578132
3867.0,3029.9269374504793
1480.0000000000005,1320.710555515809
2795.0,2472.802861904073
2331.0,2297.4482255266844
1325.0,1067.6827176790503
2431.000000000001,2368.9418272153175
1375.0,1455.6031162436093
1657.0000000000005,1651.7015472504047
3276.999999999998,4294.5896706557705
1771.0000000000005,1582.6183713951787
3575.0000000000023,3718.21018154397
1904.0000000000007,2148.410717611066
2440.0000000000005,2055.09581027146
1891.9999999999998,1697.4960876526761
1146.0000000000005,1123.3815660771904
2334.000000000001,2200.489198530197
2772.999999999999,2397.697833646464
4510.000000000003,4147.634906944418
2161.0,1929.8741559826835
1657.9999999999993,1735.2736926457344
1858.0000000000002,1576.3645813926141
2221.000000000001,2038.2232849858422
2295.999999999999,2538.6470565824984
1242.0000000000005,1410.2376955261263
3131.0000000000023,2487.6609132939743
1600.9999999999993,1778.2683761385404
2422.000000000001,2206.467873746761
1757.9999999999998,1513.0619480887615
2388.000000000001,2465.8946386078633
1836.9999999999998,2000.7225170332408
1593.9999999999998,2037.4723504356516
1116.0000000000002,1226.2895255883914
1200.0,1324.0597302484825
1877.0000000000002,1824.5119947747455
925.0000000000001,1032.2389047882216
2271.999999999999,2337.3827593489023
4814.000000000002,5035.964941395628
2541.999999999999,2213.141168727476
2105.9999999999995,2001.1503171765617
1045.0000000000005,1208.3377072227881
4037.999999999998,3820.8297095523735
4017.9999999999973,5056.08644641124
1490.9999999999995,1279.14175715278
2126.0000000000005,2080.792257541156
3757.999999999998,4211.42077085308
1821.0,1681.1509258926967
2088.0,1895.2934898601334
1960.0,1829.9392331724687
1947.0,1942.8517834423835
2836.0,2523.1992211485554
1664.0000000000005,1560.5112954069662
4584.000000000004,3830.5245725589793
2705.999999999999,2646.745494776036
927.9999999999997,1259.6001250981676
666.9999999999998,763.1575934599169
1753.9999999999995,1978.9020847878849
2875.999999999999,3055.7491248299766
2456.999999999999,2479.666046111554
1755.9999999999995,1565.382683960547
1120.0,1186.3806007174985
1599.9999999999995,1619.6224013638796
2649.0,2685.6902337833985
3197.0000000000005,3044.195426300369
3191.9999999999977,3352.7940125977207
1910.0000000000002,2135.3647950824684
2525.0000000000005,2772.712852946397
1949.9999999999993,2184.6852300165287
1928.0,1868.7258439819852
1986.0000000000005,1994.1291134526189
1113.0000000000005,1383.1483627079585
1789.0000000000002,2029.2924200948655
2445.0000000000005,2186.210268359123
4577.999999999998,5884.431119234786
2967.0000000000005,3041.5176863277634
2409.999999999999,2103.4327783629883
1067.0000000000002,1173.2489582790618
1131.0000000000002,985.0307714959699
4047.9999999999977,3911.2093427589607
1618.9999999999995,1342.8326771062295
2136.0000000000005,1856.6164849754566
4421.000000000001,5262.059561129467
2673.0000000000005,3135.675339272112
2028.0,1966.6887018011648
2078.0000000000005,2019.583407407684
1398.9999999999998,1367.809118977171
2101.000000000001,2078.59253510188
3886.000000000003,5208.679573764164
704.9999999999999,852.2232038236986
1472.0000000000002,1478.8406516166808
905.0000000000003,965.3891069431288
2045.9999999999995,2174.647863896716
2605.0000000000005,2544.7130542834716
1084.9999999999998,1173.1330452837651
1845.9999999999998,1560.8722476357057
1209.9999999999995,1437.9201554769643
1644.0000000000002,1798.1357438707746
2188.0,2300.892592376821
5415.999999999997,4726.682172944789
2162.9999999999995,2250.892240228581
2303.000000000001,2035.198664842992
2056.000000000001,2035.221923759832
1535.0000000000002,1337.0772877180245
1976.999999999999,1652.7605121429083
2938.0,3144.228183639292
2045.9999999999995,2095.8923246314152
1905.999999999999,1760.615212960189
1567.9999999999995,1508.61507391989
3911.0000000000023,3937.0915085576953
1729.9999999999993,1902.7104508327154
2103.9999999999995,2227.294073368332
1928.0,1722.2265784485955
3326.0000000000023,2968.550505085139
939.9999999999997,1043.9061592230603
3337.9999999999986,3746.537877637113
2903.999999999999,2678.807860308918
2217.9999999999995,2316.6155449461676
1589.0000000000005,1405.8083419518507
992.0000000000003,1161.7384818101089
2141.0,1901.281849545219
3706.0,3970.7154935977264
1493.9999999999995,1478.3890982555
2023.9999999999995,1731.5187673228058
1315.9999999999995,1343.332727989177
1821.9999999999998,1660.9968589042016
1561.0000000000005,1516.253513801079
1897.0000000000007,1869.3210152411918
2387.000000000001,2505.7240408893167
1748.9999999999995,1702.0624510207517
3386.0,3278.1619695445715
657.0,1054.270339734795
3181.0000000000027,2974.854048963585
1223.0,1507.6151768528455
1729.9999999999993,2437.843048369298
2757.0000000000005,2896.42448661456
2437.9999999999995,2157.7645347803027
2130.9999999999995,2137.151922944297
2822.0,2657.274200953121
1432.9999999999998,1574.405389724345
3418.9999999999995,2452.019347945511
2134.000000000001,2081.145110141519
1385.0000000000002,1551.6354685301728
1308.9999999999998,1361.0616873700694
970.0000000000003,1031.8578209249765
1488.0000000000005,1678.6729339599551
2349.999999999999,2326.880222565881
5449.000000000001,6132.6489883817
2598.0000000000005,2933.0870129838136
2769.000000000001,2455.133188930461
2057.9999999999995,1783.9863211496734
1455.0,1326.5340010213388
1210.9999999999998,1240.2667550743192
3153.999999999999,2903.3568036988154
1589.0000000000005,1899.5399691072034
889.0,1123.2277964557359
2025.9999999999995,1217.750504159886
1533.9999999999998,1964.1286722645527
1072.0,1050.6499292321719
1024.0000000000005,1307.5004164655686
1393.9999999999998,1342.2111399200826
1825.999999999999,1758.706402731911
2484.999999999999,2355.133504409766
1968.0,1966.055317163822
1692.0000000000002,1666.0696321744379
4973.000000000003,4318.723850447475
5249.999999999995,7309.343844243549
2567.999999999999,2866.663930276984
837.9999999999998,1064.7731676684684
2893.0000000000005,2954.8757876800987
1673.9999999999998,1694.3996146351833
2198.0,2031.3519087861478
4311.999999999996,3292.6696874218173
2033.9999999999993,2065.16475229204
1766.9999999999998,1729.0575859975224
1025.9999999999995,1126.4061020535119
2514.0000000000005,2563.8217135064388
1899.9999999999993,2718.3175828628873
2134.000000000001,2153.6063206671265
4112.999999999998,4440.3581861655475
4385.999999999999,4530.866393575513
1592.0000000000005,2009.376488597342
1536.0000000000005,1663.177266370335
1861.0000000000005,1735.9127416418064
2043.9999999999993,2352.084366909116
1073.9999999999998,929.1284346749593
1843.0000000000005,1533.3572939645417
1075.0000000000002,1383.9164761818824
2370.000000000001,2654.8983031309936
1588.0000000000007,1736.2370815435934
1692.9999999999993,2228.4062770971777
2198.9999999999995,1940.7832031129876
3052.9999999999977,2718.7786972537997
1802.999999999999,2061.9806425630213
1357.9999999999995,1103.8472300533708
2790.0000000000005,2364.7433311144173
1657.0000000000005,1616.3274122919408
1086.0000000000002,944.1677372977097
1245.0,1216.6147191818447
1431.0000000000002,1243.0217649805818
2764.000000000001,2627.7485982537964
1551.9999999999998,1455.8072649711596
2109.000000000001,2103.9736671643745
1328.0000000000005,1355.9694992784584
1584.9999999999995,1823.5141730159821
1066.0000000000002,1175.4365248065415
2987.9999999999986,3856.743383450197
1247.0000000000005,1295.6893950721155
1411.0,1359.1575171289776
1608.0000000000005,1585.8517722103336
1791.0,1558.6372255900246
2431.999999999999,2095.503023240133
1789.0000000000002,1589.3133432017255
2032.0000000000007,2511.633062041782
2346.999999999999,2362.4190479204003
2829.9999999999995,2920.626646289463
1036.9999999999998,1174.565645515163
1038.0,1072.3462133521768
2180.9999999999995,2317.7136988705915
2291.9999999999995,2073.2717553727653
2033.9999999999993,1918.7960076174006
1523.0000000000007,1443.2768147833733
6075.999999999996,5515.113499640602
2177.0,2190.66581477397
1786.9999999999993,1617.5120831973245
1629.9999999999995,2035.285157536929
2537.0,2405.639636566544
1605.9999999999998,1475.0627851211668
818.9999999999997,1107.253155496643
3757.999999999998,4851.843140794973
3072.999999999998,2986.435688112857
2130.0,2288.7596958242266
2075.9999999999995,1791.4267492097747
2096.0000000000005,2038.5302839123926
1981.0000000000007,1725.985287882781
1362.0000000000005,1611.0507932234414
1226.9999999999998,1212.0539787235236
1935.9999999999993,1737.3012849133431
611.0,838.259496453308
2266.9999999999995,1899.8148847583939
1385.9999999999995,1235.4991822047996
3627.0000000000023,3628.5595127951365
993.0000000000002,1350.9372873446068
3636.999999999999,4114.376180455546
1214.0,1341.1411146675077
2252.0,1975.5879952015969
1947.0,1603.311829665343
3098.000000000001,2959.9514130342163
443.0,753.1481533862604
2666.000000000001,2362.049642732777
1079.9999999999998,1020.4976899947703
1278.0000000000005,1172.0505416806966
2180.9999999999995,1633.676578731487
3378.0000000000023,3388.457232598777
3147.0000000000005,2940.541744947103
1841.0000000000002,2007.857211963646
3129.0,2341.7435155620765
2200.9999999999995,2158.2781449117238
1509.0000000000002,1699.9310835216445
1753.0,1494.8440578171544
2020.0000000000005,1979.8423968045656
2371.9999999999995,2259.652002220224
2521.999999999999,2575.6982603042584
3327.9999999999973,1999.5150813850782
3422.9999999999973,3577.160183659556
3926.0000000000027,3912.5071752855706
655.9999999999997,862.8175760544923
1668.9999999999995,1377.725280130731
1702.0000000000002,1500.9137032166855
1519.0000000000005,1430.5140994020492
2184.0,2130.164708796407
1711.0,2258.17110764487
1432.9999999999998,1659.3490538188787
3407.0000000000023,2859.9390396080826
1345.9999999999995,1518.2534121828467
1481.9999999999995,1574.2492754485886
935.9999999999999,1274.4671320913842
1366.9999999999998,1361.565445760833
1266.9999999999998,1398.444122292034
1322.0000000000005,1446.8327935103443
1648.9999999999998,1469.7077217173612
3296.9999999999977,3663.6862796314836
1964.0000000000002,2012.6289386777237
2478.0,2501.347674390713
1086.9999999999998,1049.8943082995372
1685.0,1747.8384152568058
1393.9999999999998,1646.0036488688497
2651.0000000000005,2226.573594413495
1191.9999999999998,1533.4206763062305
3230.999999999999,3168.2612745176625
1933.0,1966.0447122526189
2564.0,2594.7934559929813
2384.9999999999995,2595.1023662009447
2075.0,2083.861946348041
2965.9999999999995,2496.3383720596817
3356.9999999999995,3139.557341005854
3147.0000000000005,2980.2328066275863
3500.9999999999977,3798.0036290777753
2474.0000000000005,2080.345387568841
1568.9999999999998,1528.4044772179857
3422.0000000000014,3776.903342382946
1344.0000000000002,1360.6010014734898
2488.000000000001,2646.9330804991787
3155.9999999999986,3127.0582077645026
2341.999999999999,2078.658265148844
2798.0000000000014,2614.5658521727414
2908.0000000000005,2789.1973496570627
2223.0,1864.4120637395533
1835.999999999999,1729.8436644683225
2342.9999999999995,2390.197237138293
1698.0000000000007,1731.731184599405
3420.0000000000027,4562.071356123701
1393.9999999999998,1476.4750265654939
4121.000000000001,4887.74883296042
2190.999999999999,2296.441705189299
2304.0000000000005,2187.3952039109954
3739.000000000002,4009.527407194789
3727.999999999999,4012.376654148561
3058.0,3471.6047267059985
3204.0,3124.320269085234
1449.0,1468.4592728210735
3650.000000000003,3571.132628230028
2065.0000000000005,1632.900728013215
2047.0,1997.6859935931448
1349.0000000000005,1561.3333993857489
1276.0,1551.9992995828084
3009.0000000000023,2924.8698767193905
968.0000000000002,1051.3368509758418
3501.9999999999977,3303.9801798164494
2894.9999999999995,3047.2567190534223
2244.9999999999995,2189.566663813127
1874.0,2186.537736374151
1518.0000000000005,1248.8459759383159
1641.9999999999995,1537.4281167505335
1614.0,1620.8603731274322
3327.9999999999973,3402.783544624538
1526.0,1432.590680868007
3368.9999999999973,4411.53869993259
2325.0000000000005,2062.2745464360332
2297.0,1950.3917848893086
2305.9999999999995,2403.6160146740517
2945.0000000000005,2275.0294555679084
1563.9999999999998,1753.2056204050396
1502.0,1558.5311747072726
1384.0000000000002,1581.579334550776
3696.0000000000023,4623.0048687915405
2783.0000000000014,2345.5676786461713
1460.0000000000002,1617.9962196235915
1803.9999999999995,1557.353527849712
2358.0,2179.5982184262057
3125.0000000000014,2891.538200626351
2566.0,3257.2891432669962
3131.0000000000023,3141.5948859694963
1354.0000000000005,1448.61499137493
2491.0000000000005,2614.0653879556266
1526.0,1534.6730544992308
2746.9999999999995,3143.4775978284833
4487.999999999997,5504.392114749752
1464.9999999999998,1639.8843395239726
2281.999999999999,2395.8016555445993
1799.0000000000005,1924.658164828324
1696.9999999999993,1868.352313784623
2875.999999999999,2859.0363483179262
1201.0,1357.7003492581925
3050.000000000001,3213.32137381888
1743.0000000000002,1945.6191029486292
2885.9999999999995,4341.485280315619
2732.0000000000005,2428.5457818418176
950.9999999999997,1260.1484604556492
3043.999999999998,2666.6181075041072
2116.000000000001,1947.9846321874177
1817.9999999999995,1436.0653394286408
5257.999999999996,4636.456538626405
2880.9999999999995,2977.319196809809
2107.0000000000005,2167.820934821789
2069.0,2364.707389770932
3291.9999999999977,3568.938184366933
2854.0000000000014,2320.421187720722
3268.000000000001,3450.8542510801367
5019.999999999997,5877.8364052853585
2090.999999999999,1859.2970455506393
1170.9999999999995,1211.0504420102914
1811.9999999999995,1725.700651655277
1573.0,1499.4011932444105
1424.0000000000005,1463.0489923649232
2030.0000000000007,2058.40564536558
5557.000000000003,6456.653613710549
1550.0000000000005,1574.6259608437663
2236.9999999999995,1760.7749536838055
2721.999999999999,2774.6292720250503
1693.9999999999998,1643.8588222556828
1862.0000000000007,1829.7967975450772
2847.999999999999,2844.41070920898
2173.0000000000005,2041.3514916572926
1553.9999999999998,1729.2613066202296
2109.999999999999,2033.12663956847
2033.0000000000002,1796.6268363427996
1457.0000000000002,1400.5146535576666
2233.0000000000005,2515.018413398951
2511.9999999999995,2804.355124141517
2070.9999999999995,2122.448268041306
1802.999999999999,1607.1702881274507
1709.9999999999998,1801.588393730542
1856.9999999999995,1933.043321544647
1414.0000000000002,1507.655491351914
2279.999999999999,2078.8856730189227
2604.0000000000005,2574.594360552068
1835.999999999999,1956.3677192744422
2736.0000000000005,2686.3707868920324
1824.0000000000002,1702.6757027773974
1760.9999999999993,1891.668642995844
3246.9999999999977,3451.092070821816
6438.0,6554.893944521205
2539.9999999999995,2793.336833038773
6815.999999999995,7972.54844211413
1397.0,1443.7786237574846
1357.0000000000002,1411.1261318054042
2429.0,2548.348034724494
3312.0,3327.9611016616586
2031.0000000000005,1793.7807772417702
3906.0,4097.168204259747
950.0,1252.9064291972832
2384.000000000001,2281.2968855305276
1329.0000000000002,1310.2239655413512
1008.9999999999995,899.3414733500983
1918.0,1942.2631605523666
1494.9999999999993,1297.8580547746944
1181.0000000000005,1186.728823662762
1922.0000000000002,2045.463156864471
1330.0000000000005,1319.7153208683735
3456.0000000000005,3630.0142466509633
5071.0,6137.74749459482
3886.9999999999973,4765.236128240781
1894.9999999999993,1829.4282955686238
1745.9999999999993,1374.1392620514343
1527.9999999999998,1451.9204567385086
1716.9999999999993,1512.3355006815696
1650.9999999999995,1738.9531311341502
3160.9999999999986,3584.74611498607
5778.999999999997,5593.158633053667
1339.9999999999998,1051.5189494998897
1360.9999999999998,1435.467262225607
4783.999999999997,4445.2718632130745
1150.0000000000002,1360.4035906989877
1234.0000000000005,1298.7536352853347
1586.0000000000005,1460.4438193808057
2654.0000000000005,2444.493184153637
1073.9999999999998,1428.9395591274715
5229.000000000003,3962.333703976182
2880.9999999999995,2986.385907541223
1283.0000000000002,985.3948785259215
1894.0000000000002,1598.4897558938414
2892.000000000001,3150.842609045417
789.0000000000002,937.4326705878004
2673.0000000000005,2647.99997802686
1894.0000000000002,1876.9573275322766
3026.0000000000023,2775.818138772784
1722.9999999999995,1527.958289077258
2264.000000000001,2284.904196102096
3439.999999999999,3450.951391592515
2508.9999999999995,2584.0850493571847
3076.999999999998,2548.1710802193156
1744.9999999999998,1606.0024466737336
1223.9999999999995,1258.1838441218465
2210.0,2053.0259084832023
1858.0000000000002,1858.8283667044648
1579.0000000000005,1533.413881244012
2489.0,2128.577916624348
2813.0000000000005,2438.802128462995
4039.0000000000027,3623.8010297622554
1550.0000000000005,1432.4338524883576
1872.9999999999998,1816.4419671791097
1118.9999999999998,1208.4517225132126
1370.9999999999995,1497.7809825703532
2410.999999999999,2334.809387897637
3855.0000000000005,4546.347679943681
3865.0000000000005,4327.720162186532
2109.000000000001,2159.61033219749
2244.000000000001,1785.948255298421
4602.999999999997,3669.1608231501605
861.9999999999998,975.0467400655466
2044.9999999999993,1994.5653697468438
2437.9999999999995,2242.948773461103
1536.0000000000005,1466.3195907760585
6232.000000000001,5794.532590772848
1365.0000000000002,1593.3610557556074
1558.0000000000002,1435.4790929575581
2716.000000000001,2679.612168817975
2274.0,2052.0323140514806
825.9999999999999,981.7965408655933
1061.0,1298.8822287905734
3251.9999999999995,3619.289918001008
3379.999999999999,3578.2260693969392
3739.999999999998,3136.6663829983804
1954.0000000000005,1862.2558989092145
1141.0000000000005,1236.6681469472305
1603.0000000000005,1564.1697718560147
1969.0000000000005,2000.5216999546471
3535.999999999999,3197.099985178177
2288.999999999999,2188.3720568211966
2334.000000000001,2507.0853443884184
1943.0,2077.9939812726216
3785.0,3602.7171410234514
1808.9999999999993,1606.788299915745
975.9999999999995,1314.9500404639812
2009.0000000000005,1926.9690294023228
1786.9999999999993,1851.993150465712
1996.999999999999,2378.374322340279
975.9999999999995,959.4378852201629
2225.0000000000005,2364.3375823529077
1624.0,1532.4582835994963
1347.0,1416.1651193238463
1629.0000000000005,1730.1555171845223
1731.9999999999995,1885.2289438640732
1843.0000000000005,2176.721485550807
559.9999999999998,813.6752392000044
1407.9999999999995,1422.5951651641972
1671.9999999999993,1744.591700760328
2322.0000000000005,2188.1901329063767
4382.999999999999,4056.2291854997115
4013.000000000003,4296.534778638118
2059.000000000001,1851.898254843826
1330.0000000000005,1372.5434587831107
2184.0,2155.3528427994297
1563.0000000000005,1277.8005824119582
5033.000000000001,3640.1562091249575
1510.9999999999993,1479.1014361425732
1560.0000000000005,1569.8552168175831
2940.0000000000014,2845.0669896347385
1833.9999999999993,1681.1280700853583
4417.999999999998,3892.4560302103637
2141.0,2006.1782473941705
1502.0,2029.4728056439676
5695.999999999996,8263.588460728823
3187.000000000001,3026.1603541837853
1378.0000000000002,1223.1508338882804
3271.9999999999973,3124.8498052382824
1624.9999999999993,1585.1792322984243
722.9999999999998,802.9695050142307
2390.9999999999995,2211.943018143147
1185.0000000000005,1393.538472465864
2648.0,2551.68394560737
1614.0,1623.391657212163
1687.9999999999993,1803.351682319485
1509.0000000000002,1401.6107176024445
4281.0,5267.899063098621
1655.9999999999993,1715.6023427033067
4545.999999999996,5146.371727015953
1153.9999999999998,1020.8338038251127
2671.9999999999995,2378.964175345739
2253.000000000001,2129.292186928346
2480.0000000000005,2534.360420728219
1439.0000000000005,1327.9240221082798
3730.0000000000027,3846.8980918032444
2123.999999999999,2128.6680021767593
2781.0000000000005,2471.136535295651
5389.999999999998,5966.434199650963
2681.9999999999995,2131.7874396100246
1891.9999999999998,1876.057612207053
4403.999999999998,5411.651533962979
2517.0000000000005,2572.288763580009
4382.999999999999,4193.561626624944
3074.999999999999,3131.705177284881
2237.9999999999995,2178.9378573203385
1567.9999999999995,1627.0126649907247
2288.0000000000005,1928.5257786259504
2317.0,1961.9020881142415
4301.999999999998,3364.419290810987
3105.9999999999995,3019.344760090279
1480.0000000000005,1087.3659852403068
1428.9999999999998,1345.1053458300155
2333.0,2169.184269006958
961.0,1035.658924223974
2141.0,2197.071962307961
1300.9999999999995,1264.1498926195616
2874.000000000001,2505.808189622279
2429.0,2707.579300660195
2416.000000000001,2323.8753992176166
2520.999999999999,3255.4128118191034
1662.0000000000005,1541.94115965409
3271.9999999999973,2998.90066009249
610.0000000000002,996.5614700796617
2140.0,1915.9517238160136
2210.0,2371.0365464830925
1536.0000000000005,1421.4593573288112
2200.0,3092.3101815400346
2693.999999999999,2642.1214164708917
2808.9999999999995,3119.789228620587
2994.0,2974.919511430653
1772.9999999999998,1635.1409762247101
2866.0,2561.075449713275
1167.9999999999995,1111.7430088525634
1152.0,1138.5866779937164
2468.999999999999,2065.3180080538104
1354.9999999999998,1293.3479387535815
3061.9999999999973,3423.4507193849176
2107.999999999999,2057.227612523206
1763.9999999999998,1708.5210162323574
1178.9999999999995,1320.8721107081383
1484.0000000000005,1681.9075320283437
5254.000000000002,5100.516418191131
1061.0,1418.2470154427901
3538.0000000000005,3480.692051602909
3463.0000000000005,2211.1639641581082
1010.0000000000001,1086.1873949935086
1378.0000000000002,1353.9658894538006
2554.0000000000005,2499.2074380214517
2910.0000000000005,2691.332395466759
3561.0000000000023,3737.3833145165145
3293.9999999999973,4878.751876068839
1523.0000000000007,1122.4036445543497
1674.9999999999998,1666.288100827956
1708.9999999999995,1625.5029983049615
6175.9999999999945,7263.4031771525315
2308.000000000001,2110.1775532463853
1377.0000000000002,1587.9092585238575
1913.9999999999995,1964.336263319818
1647.0000000000007,1448.7526991837663
1711.9999999999995,1521.859126951564
3287.0000000000023,3304.7778367767855
1793.9999999999998,1690.3870608521886
2339.999999999999,2270.8810180826513
2563.0,2871.5843891225213
1453.0,1704.6808853520524
1905.999999999999,1694.7610316794305
2161.0,1911.6392455069779
1751.0000000000007,1615.5158723188947
1748.9999999999995,1402.4474015369194
1922.0000000000002,1892.3380067303826
2225.9999999999995,2085.3744002189874
1310.0000000000002,1176.7890874856573
2214.0000000000005,1431.8762761479545
1428.0,1414.0695934296778
3364.0000000000005,3540.790428095281
2646.000000000001,2683.1414111041468
2928.999999999999,2805.9502126852153
1965.0,1948.3464052814652
3038.0000000000005,2625.7379294249563
531.0000000000001,818.4854105442206
3961.0000000000014,4216.062312686823
2828.0000000000014,2455.529891942853
1092.0000000000005,1215.6888006093895
867.0000000000003,969.9082127754107
4327.000000000004,3216.0169496534545
4156.0,4199.560543619336
3802.9999999999973,3544.7629273545767
1731.0,1817.0985385435206
2494.0000000000005,2356.146170098865
2474.0000000000005,2514.554911906359
1480.0000000000005,1454.188016641711
3143.999999999999,3602.0421555271487
488.00000000000017,903.8955158113731
1103.9999999999998,1309.4440548957184
850.9999999999997,1184.099134777567
2996.0000000000023,3019.522595293088
1698.0000000000007,1512.7722961678612
1738.0000000000002,1536.140626122934
1266.9999999999998,1515.0184839797998
1429.9999999999995,1407.1474813444763
1650.0000000000007,1540.0927717838506
2117.0000000000005,2132.4735097872713
1593.0000000000005,1305.5658276832055
1886.9999999999995,1610.7522234180917
2215.0000000000005,2186.718704388419
3271.9999999999973,3253.9710001432863
1911.9999999999998,2331.145285588482
1766.0000000000002,1578.0086994527205
2059.000000000001,2027.998693038584
1951.9999999999998,2067.7184736555178
2411.9999999999995,2561.5264991235745
1560.0000000000005,1621.5081360655886
3263.9999999999973,3361.7587634384945
4772.999999999997,5252.59126292039
1608.0000000000005,1651.0589809868102
2349.0000000000005,2896.808962736764
779.0000000000001,971.9583511848499
1586.0000000000005,1599.1505106516393
2737.9999999999995,2794.914412596573
2704.9999999999995,2662.134423184853
1640.0000000000005,1658.19095308239
2168.000000000001,2263.637787915004
3839.9999999999977,4278.760084740434
3410.999999999998,3140.7871645664354
2967.0000000000005,3019.902700272974
1311.9999999999998,1321.97444231884
2517.0000000000005,2443.5071248332447
1076.9999999999995,1135.8466157076684
1835.999999999999,2444.9712558751817
1586.9999999999993,1586.7577443875036
1336.0000000000002,1090.0975925472874
3923.0000000000023,4251.151202753575
3766.9999999999973,3397.9462132478093
2381.999999999999,2176.010688030267
3401.9999999999986,3433.4741170137145
3197.0000000000005,3302.941677530023
3490.000000000002,3225.685309950629
3590.0,3757.3270507755906
1356.0000000000002,1395.6212844300148
2798.9999999999995,2649.548657911281
1296.0000000000002,1317.6985302497526
1598.0,1694.0835457233998
2871.0,2968.819376383644
2011.0000000000005,2221.281382430836
2159.999999999999,2036.6415053751532
2711.0,2567.75082581615
2673.0000000000005,3254.4990033144745
1655.9999999999993,1865.9596334955534
2399.0000000000005,2200.820781187325
3174.0000000000005,2549.673814201874
2541.999999999999,2578.3361793372123
5284.000000000001,5913.739683756943
1612.0000000000005,1675.4587868340582
4707.000000000004,3732.6896683305217
2751.999999999999,2597.180149564574
2057.0,1690.9946559403177
1840.0000000000007,1904.4699965403152
2183.0000000000005,2315.1526199472387
2713.000000000001,2646.2969174480904
3234.000000000002,2447.2336024024785
1705.0000000000005,1790.8707825773395
4231.000000000001,5473.007449738374
579.0,1054.165225375636
2289.999999999999,2484.310550361124
2305.0,1975.5887102579659
675.0000000000001,898.3741617744872
1732.9999999999995,1488.3085272928524
1418.0,1239.0805966644618
1447.9999999999998,1379.2625484592768
2577.999999999999,2397.5016712262964
3373.0,3245.6465668083883
1908.0000000000007,1838.402187484541
1885.9999999999998,1558.3581806490647
1981.9999999999998,2026.8764669143338
2091.9999999999995,1856.5480560391734
4974.000000000001,4063.3416141788857
1084.9999999999998,1230.358413707573
1300.9999999999995,1605.818646233528
1293.9999999999995,1395.972608167428
1547.9999999999998,1388.9631405687653
2514.999999999999,2612.4395522694595
2445.9999999999995,2209.345763872979
1974.9999999999993,1702.3073447163083
1098.9999999999995,1350.9695128829378
2718.0,2488.0743595501385
2134.000000000001,1671.4531457724709
1673.0000000000002,1640.9036501429937
1529.0,1626.7135390178557
2025.9999999999995,2005.1583934795106
2705.999999999999,2482.6274914656474
4338.0,4259.032227699367
2231.0,1999.2849491778613
3141.0000000000005,3055.62457548917
1775.0000000000002,1886.0761138484302
1415.0,1202.717823298711
2260.999999999999,2375.2205238202887
966.9999999999997,1192.802092574509
2137.0,1895.3617346560798
5919.9999999999945,7885.7701999675255
2386.000000000001,2427.5760458711916
1689.9999999999993,1492.3639985583895
1459.0000000000002,1520.917623006104
2233.999999999999,2246.180872067243
1369.9999999999998,1350.3706385489434
4053.000000000003,4310.5660175669145
2217.000000000001,2093.4054417566426
2800.999999999999,2456.182136440357
2810.0000000000005,2526.3239552822624
1607.0000000000005,1759.632316352419
1215.9999999999995,1247.21684239621
4933.0,5251.96195032773
2541.0000000000005,2446.93741779125
2416.000000000001,2236.3342288942927
1055.0,1230.577996153539
2602.9999999999995,2633.585540548164
2539.0000000000005,2148.270897786842
2582.0,2794.067151436852
2590.0,2481.849028629356
1980.0000000000005,1560.6211533663038
2468.999999999999,2345.9481819424486
1264.0000000000002,1321.6786255318475
1958.9999999999995,1641.6623710144283
2279.999999999999,1618.2799889154492
1364.0000000000002,1260.2315357904606
3030.0,2780.0930924865766
917.0000000000002,933.0197362749988
2613.9999999999986,3041.098860283994
1442.9999999999998,1264.2015947386185
1401.0000000000002,1559.6901142580193
2115.0000000000005,1938.5097926498627
4064.0000000000023,5840.442448326069
3332.0000000000023,2849.7502568504556
1789.9999999999993,1577.442331214075
3348.0000000000005,3257.335236081429
3523.000000000002,3665.2424774143665
2588.0000000000005,2556.896958703601
1793.9999999999998,1588.59071011868
1153.0000000000005,1157.7746285570167
7337.000000000003,8054.878547014013
2194.0000000000005,1720.30289620978
1323.0000000000002,1227.913005706407
903.9999999999997,1004.453223111947
2922.000000000001,2652.239271378569
3069.9999999999995,2877.1520281366647
2441.0,2364.4879881409606
1865.0000000000005,1578.2019242248991
1159.9999999999995,1173.9732041283849
2079.0000000000005,2131.6926860672643
2083.0000000000005,1788.857606431945
3764.9999999999973,3759.7891582934344
3495.0,3542.573699079541
1412.0000000000005,1295.908273210007
927.0000000000001,925.2188468149625
3474.999999999998,3396.175348172978
1781.9999999999995,2289.7331478611113
2619.0,2284.306838189073
871.0,1137.3940735804454
3264.9999999999973,4015.2047170090163
1223.9999999999995,1603.1568217414444
1488.0000000000005,1743.8865406996877
4795.999999999997,4274.472725333363
4455.999999999997,3810.1066391111976
2849.9999999999995,3374.8499538022306
2637.0,2503.052553194933
2539.0000000000005,2337.8741990267567
1325.0,1082.9153708719211
1160.9999999999995,1053.1650284791594
1962.000000000001,1826.2129002252223
1828.0000000000005,1896.8188322170722
2057.9999999999995,1780.7999355204886
2373.0000000000005,2855.2779011095818
1616.9999999999995,1359.5592746233833
2859.999999999999,2867.225491007184
1254.9999999999998,1268.1746933326724
1933.0,1880.5025348466502
1799.0000000000005,1864.8083483509145
1269.0000000000002,2023.9986980743984
2487.0,2313.637106913587
1741.9999999999998,1666.1362818473763
1843.0000000000005,2011.19094210706
1624.0,1682.3433100240215
1573.0,1538.0026613841237
1805.0000000000002,1919.756949985563
1856.9999999999995,1632.1783185633883
1904.0000000000007,1680.8262856510564
1722.9999999999995,1808.1228025157523
5571.000000000001,8053.515457723655
1116.0000000000002,1192.0245073036203
2458.9999999999995,2182.3228554538637
1545.9999999999998,1578.4565511079159
2663.9999999999995,2399.103838483582
2696.0,2623.53221780639
1835.0000000000005,1896.6140812821695
1553.9999999999998,1400.3629703902648
1334.0000000000002,1397.3712520807576
1167.0000000000002,1144.3286936090403
2200.9999999999995,2299.76038241571
1851.0000000000005,1869.9005651976431
932.0000000000001,1053.8924047415203
2919.0000000000005,2354.1036129440577
1685.0,2011.3216141159762
1744.9999999999998,1794.4422387508814
1652.9999999999998,1464.1690143631135
2384.000000000001,1991.3537473959263
1143.0,1356.7720914757333
1556.0000000000002,1454.0896879553318
1319.9999999999998,1497.3961441390488
1885.9999999999998,1833.976784765267
4257.000000000004,4257.707945021
2664.999999999999,2657.273648077563
2107.0000000000005,1774.5848734806557
3307.0,3498.7663605989837
3148.9999999999977,4343.285055115387
1092.0000000000005,1254.1558602414061
1901.0000000000002,1972.0550797830224
2252.0,2158.778303242031
2105.9999999999995,2217.4925594176343
1023.0,1269.6463394334842
2441.0,2341.4512605149525
3217.999999999998,3520.300324182048
1692.0000000000002,1600.0427396135235
5485.999999999998,5574.893779350369
2636.0000000000005,2470.7703355831986
2338.0,2445.290568989267
1058.0,1044.5738095568656
1351.9999999999995,1023.8714227169246
986.0000000000003,1148.7910880447275
1375.9999999999993,1276.8618086822114
1913.9999999999995,1784.1335599080933
3147.0000000000005,4357.218769142403
1007.9999999999995,1100.3506516391196
2158.0,2218.0343887554027
1916.0000000000002,1569.3329219042525
1707.0000000000007,1671.6994684463275
1442.0000000000002,1484.5105532209072
1785.9999999999993,1777.7755602628604
5039.000000000002,5113.043114165611
2629.000000000001,2675.380028146412
1802.999999999999,1838.953509913744
4387.999999999998,4653.265286999117
1475.0,1382.5439770580508
3122.999999999998,2839.781880284272
751.0000000000001,1044.8877999759693
2290.999999999999,2016.650488287959
2311.000000000001,2797.720962375167
5425.000000000004,5022.704434304723
4570.000000000001,4768.626766650587
1637.0000000000007,1649.2206437137847
1690.9999999999995,1639.830120841819
2435.999999999999,2129.1279139821236
1997.9999999999993,1873.732653957209
2383.000000000001,2231.390183703654
1707.0000000000007,1517.4593623967337
1310.9999999999995,1425.0350271261057
1792.0000000000002,1710.149346884611
2971.999999999999,2920.65109890989
2853.0000000000005,2801.3274241625695
1334.9999999999995,1441.3797716842066
2151.999999999999,1893.855047951669
4850.999999999997,5503.281068903309
2585.0,2658.6302091207604
2047.0,1975.409079681211
1812.9999999999993,1929.7827848328232
2266.0,2144.405473272397
2266.0,2179.7552548221042
1051.0000000000005,1194.9276670225765
4445.0,4761.909247066093
1968.0,2087.6857033284664
4184.000000000001,3670.0482965556234
2438.999999999999,2433.011718223447
1779.9999999999995,1663.2454499021394
2586.999999999999,2641.1850995528603
2235.0000000000005,2365.7940067703453
1654.0000000000002,1714.0430969043678
3929.0000000000005,4414.017929093724
2829.9999999999995,2844.4803198198465
2438.999999999999,2910.685196994779
3356.9999999999995,3697.2370006638876
2368.999999999999,3129.0202704531685
1075.0000000000002,1178.9794472494368
4080.0000000000036,5374.511107496215
1939.0000000000007,2141.7985280241737
2903.999999999999,2657.0334500592357
1743.0000000000002,1614.3697822887705
2996.9999999999977,2572.3312963483454
3074.0000000000023,3079.3300344112586
2378.999999999999,2341.9662544058833
5366.0,7009.1812816905485
1741.9999999999998,1703.3965128301488
3907.0000000000027,3372.058157738358
3030.999999999998,2375.2445256481224
974.9999999999995,921.7701791410991
2602.9999999999995,2550.630612454373
1836.9999999999998,1592.076852224886
2423.0,2421.5643506761467
1097.0,1182.7417162648826
2691.9999999999995,2597.230419403256
1813.9999999999995,1649.8044067026879
1933.0,2197.6249288749
1588.0000000000007,1277.1329740761882
3499.9999999999977,3924.724365514863
1159.0,1327.1667749257306
2461.9999999999995,2376.2484365215646
3601.0,4817.745203734846
3126.999999999998,2582.942310058761
1406.0000000000002,1644.1590216861086
3289.000000000001,2599.008654144703
764.0,910.3107880116382
2132.0,1515.2091843168287
2612.000000000001,2174.1896632812354
1360.9999999999998,1142.286667231228
2631.0000000000005,2726.820640909922
1457.9999999999993,1401.983916435991
1566.0,1565.4229240277602
1270.0000000000002,1214.7679861145061
1302.0,1213.8804907048932
2938.0,3128.068235575328
848.0000000000003,1120.381987862489
1551.9999999999998,1698.0403225190942
2070.000000000001,2277.060135143369
1510.0000000000005,1726.4265400449483
2241.999999999999,2459.6978923504976
5685.999999999995,5620.755645233123
2184.0,1978.746401995473
3128.000000000002,3121.2848995842874
3716.9999999999977,3912.1591046721223
3238.0000000000005,3444.3853016733533
1943.9999999999995,2531.085328211137
4916.999999999998,5028.447781725771
3425.0000000000023,4020.5718411497837
2485.999999999999,2163.1638237419243
2258.999999999999,1759.7943238290006
1780.9999999999995,1805.8135790692832
5473.999999999997,6463.946325052249
1640.0000000000005,1828.730731665403
2523.999999999999,2431.7929989700756
3466.0000000000027,4106.029662121984
1728.0000000000007,1563.1979265634664
1759.9999999999995,1600.4806064387526
1605.9999999999998,1708.2400615915358
1239.9999999999998,1457.7730247925792
2242.9999999999995,2642.221163673356
1954.9999999999993,1991.0065196937983
2543.000000000001,2781.727341598856
2919.0000000000005,2676.224984746896
1920.0000000000007,1956.7478688953665
3530.9999999999995,2878.5052130975823
3405.9999999999973,2494.8749192452833
4792.999999999997,5634.235632323275
1814.9999999999993,1564.5806767119661
3282.999999999999,3107.662623424058
1401.0000000000002,1347.0506518998502
3521.999999999999,3796.2916704113627
1570.0,2092.5823207189314
2148.9999999999995,1779.1862677284485
3490.000000000002,3483.953242815289
1373.9999999999995,1360.3109854911909
2376.000000000001,2186.792280433205
3344.000000000002,2829.550386612248
3365.9999999999973,3624.9416484872704
1945.0,2100.6582538200582
3179.999999999998,3095.454022460543
1324.0,1594.837356710201
2180.0000000000005,1775.5894109366131
1599.9999999999995,1479.520859860403
3217.0000000000014,3032.9268244111954
804.9999999999998,1009.6426700770918
5963.999999999999,7104.92325338158
1539.9999999999995,1451.1524867845608
1209.9999999999995,1485.9571968638509
2413.999999999999,1898.6650118109098
1322.0000000000005,1262.3639695173704
3445.999999999998,3852.6169564689767
3973.0000000000014,5615.47526261691
3996.999999999999,4265.689975659691
857.9999999999997,1139.9082692564987
2411.9999999999995,1545.284422820038
1426.9999999999998,1378.5937447853948
1100.9999999999995,1143.2449982655426
2021.0000000000005,1961.0988865933411
2223.0,2404.801884683046
1652.9999999999998,1690.6065881967302
1814.9999999999993,1753.3642721249646
1467.9999999999998,1282.8657879656175
3163.000000000002,2847.846926584636
2213.0000000000005,2038.9637022705099
870.0000000000001,1006.9306200816787
4040.0,4178.238966039216
3421.0,4156.301183591866
1239.0000000000005,1185.139109588715
790.0000000000003,935.332781571381
2922.9999999999995,2834.448035718336
1824.9999999999993,1726.79727288901
1052.0,1785.6820920992266
1239.9999999999998,1279.2752298788607
3050.000000000001,3142.404175756314
1591.0000000000002,1911.697182456139
2040.9999999999995,2353.6731271249064
2649.0,2536.860767863831
2282.999999999999,2903.160622364449
4352.000000000002,5778.3302268211755
1478.0,1123.109293915995
2189.000000000001,2106.5622306000173
3003.9999999999977,3254.201090580585
1879.9999999999993,1936.3319292086098
4015.0,3621.6448031882046
1272.0000000000005,1355.8645569698754
4680.999999999998,4564.071432980538
1097.9999999999998,1056.4197344128957
2021.0000000000005,2286.896608072761
2491.9999999999995,2016.8220758344921
3248.000000000001,3149.517341549382
3045.9999999999977,3466.7926939813606
2597.0000000000005,2576.687728682422
698.9999999999998,1169.7601928906163
2130.9999999999995,2014.9043820232625
1312.9999999999995,1539.5462195918492
3064.9999999999986,3123.518601624856
950.9999999999997,1012.5408537249451
3239.0000000000023,2897.772058837662
1248.0,1431.2182816127781
5423.999999999997,5500.704218328432
1928.0,1614.1589380134415
2513.0000000000005,2217.906928820795
2317.9999999999995,2084.662395615669
953.0000000000003,1044.7273379005087
1872.9999999999998,1702.0266416999411
1945.9999999999995,1791.209112338692
1245.0,1187.6876698087108
4349.999999999996,4503.866931900338
2174.9999999999995,1855.5414546971858
2533.999999999999,2156.7485232551985
5767.000000000003,5496.821804035609
2355.0,1682.870403348953
2543.9999999999995,3142.3592766572365
1970.9999999999998,1953.2551766533002
1651.9999999999995,1591.7047375390068
5662.999999999995,5378.873981753865
1884.0000000000005,1749.4961179555805
2764.000000000001,2330.872327026818
2395.0,2117.0724060780767
1588.0000000000007,1615.6514259609246
1816.0,1810.2303343890123
1213.0000000000002,1111.8046428377957
2229.000000000001,1953.2271972792378
1655.0,1737.0343128110562
2808.000000000001,3640.7758810705
930.9999999999998,1139.7106675205323
3649.0000000000005,3463.7560781400553
2816.999999999999,3032.5210595648578
935.9999999999999,1148.5450199447046
2866.0,2551.8402924370193
592.0000000000002,753.1848983647956
3109.9999999999986,3170.7664285363976
1858.9999999999995,2088.0881398644287
1545.9999999999998,1614.539439688359
1747.0,1901.0633031730258
1522.0000000000005,1509.2179372120536
2649.0,1871.155158073971
1564.9999999999998,1377.1325425230325
1954.9999999999993,2065.880556112392
2088.0,1704.953674315212
1941.0000000000007,2277.3809986999863
2281.999999999999,2259.1467076075505
665.9999999999998,919.9778655901149
3905.0,4013.0076896681267
2528.0000000000005,2514.4687053023326
2438.999999999999,2923.3516813640413
1155.0000000000005,1141.5189649206322
2925.999999999999,3198.9490992914266
863.9999999999997,1136.0573295498127
3330.999999999999,3396.367784538618
2929.9999999999995,3421.661887534062
5444.000000000001,6268.264046589748
3284.9999999999995,2827.5647321727793
2803.0000000000005,2429.68811900799
1785.9999999999993,1904.5600825357933
2404.0,2384.2391848270536
2005.000000000001,2385.529896784236
1302.0,1277.125665388412
3034.0000000000005,2760.093748868021
1660.0000000000002,1721.9179393115226
3139.0000000000027,2850.739321017494
1713.0000000000005,1731.355592020976
666.9999999999998,844.9008703412931
2214.0000000000005,2581.628928671888
2808.000000000001,2655.9079364380655
1737.0000000000005,1529.0531320733317
2451.000000000001,2009.7286088154167
2081.999999999999,2345.02948275578
2470.9999999999995,2159.3816226677504
2294.0000000000005,2115.7038720313494
2268.999999999999,2087.7996387082608
1219.9999999999998,1165.0236076822555
2143.0,1943.436042072885
2100.0000000000005,2167.4868049642614
1957.0,1692.6132231547806
1489.9999999999993,1640.3438426725752
2413.999999999999,2437.942089928422
1861.0000000000005,1849.5290491059418
2012.999999999999,1729.487894937192
2511.0,2395.182337913148
4342.000000000003,3462.7865207657073
1570.0,1186.8639020144792
1248.0,1312.7254187699455
3967.999999999999,3572.470340115132
968.0000000000002,959.9533748127967
2061.9999999999995,1837.7656696201452
3565.9999999999973,3528.7198734111375
1783.0000000000007,1580.80500438833
2541.999999999999,2303.6499160552803
1002.9999999999998,1153.5205782583234
1262.0,1588.6692137958942
2095.0,1929.585686422285
1687.0000000000007,1739.8796596503696
3931.0,3170.4916352874116
3536.9999999999995,3403.101148634633
1407.9999999999995,1746.7726640373978
1290.0,1090.970629283147
3595.9999999999973,3408.1665933287527
1711.0,1636.3605424814139
2577.999999999999,2628.9653640800916
460.00000000000006,664.485672242605
3230.999999999999,3487.446635090373
2787.000000000001,2619.863360096954
1532.0000000000005,1613.4638863089808
1284.0000000000005,1286.8354737149082
1748.0000000000002,1726.5496859106054
1223.0,1226.1933711684305
2186.000000000001,1927.5279266894893
2320.999999999999,2575.0572679090687
2982.999999999999,2854.8105454418405
1279.9999999999995,1212.0998104542798
2529.000000000001,3686.9362095119695
3299.0,4137.38283637636
2330.0000000000005,2425.423316725442
1799.0000000000005,1975.181191690509
3362.0000000000014,2825.0334751196788
1899.9999999999993,1989.3604384942694
3887.9999999999986,3338.255589317392
1812.9999999999993,1626.379484990721
4191.0,4629.363444258859
3995.999999999998,3016.8690948886206
1741.0000000000005,1584.0587078907242
2678.0,1895.0287844207905
2034.9999999999998,2019.8041861555416
1626.0,1596.3982457254308
1579.0000000000005,1831.1051591332273
1855.0000000000005,1620.4805898369118
1507.0000000000005,1374.7552936491152
2619.0,2471.5462233999524
3195.0000000000005,2660.505933354361
1499.0,1238.9785150442292
2089.999999999999,1871.824624935417
1566.0,1546.3349459313774
2466.0,2216.580383886532
2069.0,1967.1028067552686
1768.9999999999998,1585.340583284374
2986.000000000002,2616.3757234831646
2305.9999999999995,2106.7087955263187
2938.0,2685.5486082593693
1432.0000000000002,1458.7164063691969
2839.0000000000014,2980.180585073122
2151.0000000000005,1986.0630893342118
3059.999999999998,3437.668770507801
2069.0,1615.6763208412247
1269.0000000000002,1441.2651404675194
1877.0000000000002,1960.982745261202
2299.000000000001,1956.4643462507518
1515.0000000000002,2450.4407652934847
1402.0000000000002,1453.1113490280447
623.0000000000001,824.3593270641036
1828.9999999999995,1881.5690991262443
1496.9999999999998,1561.1026896201886
2539.9999999999995,2607.981168827076
3619.999999999998,3536.404718975218
1901.9999999999993,1906.3928287136582
2010.0000000000002,1772.0860790947008
2442.999999999999,2423.1480572149867
1729.9999999999993,1672.0714599769785
889.0,1298.888042018235
1614.9999999999995,1423.9528835894052
1483.0,1473.8397040840525
1793.0,1716.1723782133765
1775.9999999999993,1529.2308460150018
2052.0000000000005,1818.3987254940205
2248.0,1917.6639187495352
2146.0,2293.4151605457323
1652.9999999999998,1595.8354970190496
3736.999999999998,2864.3757055024203
1970.9999999999998,2346.5100361045406
3187.000000000001,2974.8012447050132
751.9999999999999,1253.3680252660838
2000.0,1822.1221038885706
1596.0000000000002,1358.615737136445
3139.0000000000027,3236.591361022406
1923.9999999999993,2160.82390929793
2708.000000000001,2294.1617539175354
2120.9999999999995,1788.713062390925
1019.9999999999998,1126.6926689880595
4764.999999999998,4828.519336473504
3308.0000000000023,3547.3598554409296
1852.9999999999998,1411.879647800617
1965.0,2091.495118046022
1958.9999999999995,1536.942416181438
1392.0,1456.2519435832535
2033.9999999999993,2288.1719246145367
1507.0000000000005,1555.8164877242828
2853.0000000000005,2901.882705832717
2006.9999999999998,1859.4337083413222
1265.9999999999995,1226.1038490044305
1722.9999999999995,1637.001143866539
790.0000000000003,1176.5877451966492
2592.0,2783.0205957332473
2214.0000000000005,2127.7077416165444
1926.0,1725.2456859885438
2268.999999999999,2446.8483721213315
2639.0,2250.491631935437
1412.9999999999993,1403.4795484298872
2522.9999999999995,2490.8324757681307
1524.0000000000005,1591.0419942634762
1439.0000000000005,1325.1667009937373
3052.0000000000014,3064.9232108242545
1673.9999999999998,1514.6071096590476
2220.0,2303.65182758776
1214.0,1185.8034207565786
1146.0000000000005,1613.4043639738127
4463.999999999999,4818.604768154557
973.0,1271.352699556965
3324.999999999998,3264.948617593335
2053.9999999999995,2231.4374487731484
920.0,1100.4039357807223
1553.9999999999998,1479.339226790999
2663.9999999999995,2526.2681125918607
1286.0000000000005,1284.8446609274094
2488.000000000001,2427.605055727018
971.0,1123.8257358783255
4952.000000000004,4308.960217601703
2204.0000000000005,2072.418657607127
2566.0,2611.7227451727204
3036.9999999999986,2235.864364878774
1097.0,1287.8680220326428
1621.0000000000005,1516.5654050506996
1359.9999999999998,1792.4301872542353
3015.0000000000014,3170.0684733363014
2142.0000000000005,1996.6954449160248
854.9999999999999,1204.5313760470137
3114.9999999999977,2722.6168023397377
939.9999999999997,1204.2003407686889
1532.9999999999998,1599.7331404255326
1960.0,1891.3727215422157
1812.9999999999993,2029.6609822454195
4465.999999999999,5768.706351756909
1439.9999999999995,1427.0524838905021
1884.0000000000005,1871.153086565129
2188.0,1936.115463748758
1802.999999999999,1497.2109711720598
2833.000000000001,2543.091105181255
1664.0000000000005,1261.2406013102675
1720.9999999999998,1678.9233856051617
2025.0,1936.1416642214651
1598.9999999999998,1214.8951012556554
1284.9999999999998,1440.1018601734302
1586.0000000000005,1512.36708080664
2015.9999999999993,1822.9618359519316
4711.999999999997,5362.573061343508
2198.9999999999995,2050.9814265914883
2639.0,2630.717584633821
2847.999999999999,3257.3042553150203
1811.9999999999995,1781.839392515746
2053.9999999999995,2106.938562305715
3317.000000000002,2815.7983322834616
2705.999999999999,2446.104759162558
3506.0000000000027,3541.1533672752516
781.0000000000001,1217.6665046227529
3590.0,3354.846757167238
3293.9999999999973,2404.8803637936544
1856.9999999999995,1901.8915024258624
1764.9999999999995,1374.3613548689952
1910.0000000000002,1981.3139549097368
2420.999999999999,2446.114105229307
3645.9999999999973,3988.0119885247655
927.0000000000001,1075.6623001167518
2639.0,3153.5338793586893
1219.9999999999998,1302.2632779969622
3483.000000000001,3191.192576845065
1105.0000000000002,1409.3440813547966
2926.9999999999995,2786.5494816952723
2475.0000000000005,2641.17442919174
2533.999999999999,2186.49401486597
3050.000000000001,3129.2324673566072
2233.0000000000005,2216.7508164020796
1042.9999999999995,1213.315335450455
2602.9999999999995,2444.23395979426
2410.999999999999,2274.381032956055
1689.0000000000005,1739.4308828168246
2629.000000000001,2782.5281590963114
1264.0000000000002,1283.8493186567193
1564.9999999999998,1433.6008572061935
1045.0000000000005,952.1707140184673
1358.9999999999995,1235.7016931996418
2484.999999999999,2192.960291336901
1735.9999999999995,2348.1564000799763
2153.0000000000005,1966.995506871968
1642.9999999999995,1527.7265090738238
1813.9999999999995,1356.152782966431
1847.0,1753.4869875717839
2483.0000000000005,2751.5255102620195
2776.0,2621.0462693053905
2435.000000000001,2126.9254002579382
1486.9999999999998,1627.8788174414483
2063.999999999999,2031.6866931973718
2363.9999999999995,2192.3422671395656
973.0,1025.2359209850733
3792.000000000003,3736.7735004878627
2564.0,2394.2362395282867
2357.000000000001,2122.0975273670388
1148.0,1191.580987806506
2656.0000000000005,2388.766056169641
2310.0000000000005,2767.889207689607
2470.9999999999995,2421.3347640327256
1949.9999999999993,2145.008955397438
1469.0,1283.2030175215446
1711.9999999999995,1723.9700502785188
1601.9999999999993,1453.1921571565679
2195.999999999999,2322.5301769326634
2355.0,2166.0295639704864
1943.0,1791.62117184164
1148.0,1210.1040844479428
2551.0,2301.5607927466103
4881.999999999996,6178.4312136676635
2408.0000000000005,2456.666389207196
1385.0000000000002,1251.6874520029378
1462.9999999999998,1791.8631914378345
836.9999999999998,1089.9800378203674
1354.9999999999998,1394.248649371818
1870.9999999999993,1682.1380340010662
6030.000000000002,6194.312831449264
3212.9999999999995,3560.2308219663773
1567.9999999999995,1534.9862743783913
3130.000000000001,2879.93771409294
2767.9999999999995,2773.302526816266
1841.0000000000002,1519.5462907874569
1350.0000000000002,1087.6923772566436
1536.9999999999993,1219.9380436540616
4314.000000000004,3953.263558381471
2761.0000000000014,2938.021137059541
1148.0,1119.4982340294155
1996.0,2050.088407049822
1562.0000000000005,1622.472251232905
5391.000000000001,6553.272372946671
3744.999999999997,4569.986716718226
1234.0000000000005,1664.4567104941777
2128.999999999999,2040.3769043970472
2431.000000000001,2778.6587782895326
2902.000000000001,2455.760496163281
3809.999999999998,3358.246084820905
1677.9999999999998,1376.721187935052
1685.0,1389.7141431742364
1412.9999999999993,1402.5257948375272
2254.999999999999,1807.787977483316
2333.0,2446.5663110967266
3400.9999999999973,2844.226192821136
1750.0000000000002,1703.9756590290808
2861.999999999999,2534.9855549270956
2528.0000000000005,2368.231066122488
3327.9999999999973,3161.190619817113
2533.999999999999,2315.2673743870223
1467.9999999999998,1379.0516694532878
1296.9999999999995,1205.8299288662568
6142.000000000002,8011.670131927691
1942.0000000000005,2027.6683022276288
1530.0000000000005,1463.2778326114706
1488.0000000000005,1640.779544995007
2814.000000000001,2560.404983553309
2233.0000000000005,2038.6629840368414
2113.0000000000005,1858.9529905904096
2028.0,1912.9286347705486
2174.9999999999995,1894.949697587427
1441.0000000000005,1589.2499445448946
2790.0000000000005,2217.7235094150024
2231.0,2268.7475751660745
3422.0000000000014,3711.225917763586
925.0000000000001,1129.0169392068442
5144.999999999998,4678.694572509429
968.0000000000002,1115.010078615356
3184.0000000000027,3119.2843768640323
3234.999999999999,3733.406589067256
2451.000000000001,2305.0997421623324
1856.9999999999995,1743.6938368397866
2780.0000000000005,2775.298394742089
2063.999999999999,2029.2441012645015
1681.0000000000005,1553.7782627620015
2461.000000000001,2047.1566815456454
3197.0000000000005,2771.6581553226965
1476.0000000000005,1536.2554716253428
2713.000000000001,2730.52686234189
3312.0,2680.8701406334985
4748.999999999997,4928.084916876311
3778.9999999999986,5267.002264673129
1447.9999999999998,1296.1343241013935
4084.0000000000014,3721.72994444352
2254.999999999999,2037.619834883007
3045.9999999999977,2409.8540327586093
2130.0,2417.938135977202
3001.0000000000023,3231.682775072328
5278.999999999996,5998.165102173923
1496.0000000000007,1651.9332449519375
2998.9999999999977,2886.083647778661
4783.999999999997,5842.096902853708
1764.9999999999995,1954.0989545573589
1204.0,1297.5164406017625
1753.0,1559.5111037389827
2639.0,3021.104776147633
2015.0000000000007,1503.569176702009
1367.9999999999998,1314.472713745384
2418.000000000001,2265.2281109876567
1828.0000000000005,1568.4170433484528
3202.0000000000005,2800.877997501202
1332.0000000000007,1225.068541134498
2945.0000000000005,2745.4225027224893
2057.0,1657.9098922492071
1395.0,1292.20397448157
3076.999999999998,3243.5218664733916
1275.0,1195.4169345871273
2105.9999999999995,2234.5630229778126
3425.9999999999973,2694.5111301036986
2686.000000000001,3399.407381049651
4723.0,4302.896851635629
2505.9999999999995,1711.3201868065287
1939.0000000000007,2017.6147072439971
2195.0,1926.60659731309
1319.0,1269.2850256547474
1640.0000000000005,1734.3951510167778
2777.999999999999,2523.9423793595497
1270.0000000000002,1798.6312613146767
2435.999999999999,2392.3280547006484
5635.000000000004,5592.83132519154
1152.0,1386.3367560169563
3565.9999999999973,3592.3305210243643
1875.9999999999995,1914.7733765375453
905.0000000000003,1025.5907616114112
1802.999999999999,1684.7822233379761
1567.9999999999995,1415.4839896420374
3842.0,3123.609737261709
794.0000000000001,873.6746799052122
1922.0000000000002,1870.057853883313
3135.0000000000027,2958.869099010777
4352.000000000002,5422.884044109327
3109.9999999999986,3246.231452933563
1558.0000000000002,1604.9867722325837
2746.9999999999995,2325.854122664787
3324.999999999998,2927.707830259512
3036.9999999999986,2940.755519098816
1731.0,1687.7431431243479
1974.9999999999993,1804.6722772762828
1437.0000000000005,1536.4030529671395
2818.0,2683.784465668293
2777.999999999999,2543.4612228182314
1557.0,1544.68524526871
3751.999999999999,4565.789325088914
2388.000000000001,2129.9256657809356
3302.0000000000005,3417.8583098278814
1136.0000000000002,1460.2609017648122
3578.9999999999977,4175.907233791845
2378.999999999999,2349.538799806243
1593.9999999999998,1423.090523561546
2013.9999999999993,2145.8771591073664
1034.9999999999998,1191.7966425290363
4394.0,3114.1370436180996
4857.999999999999,4210.672724346994
3529.000000000003,3012.096507683807
1728.9999999999995,1581.8065158815623
2911.0000000000005,2609.9910590933578
2127.0000000000005,1969.8462984486112
1588.0000000000007,1569.321831885623
3047.9999999999995,2655.907119307001
2009.0000000000005,1906.2141582202141
2644.0000000000005,2854.6823094429037
1634.9999999999995,1476.2979783737176
1503.0000000000005,1426.3533340645506
1084.0000000000002,1192.9816086823691
4009.999999999998,3676.5665025252897
2267.999999999999,2365.037213306664
2113.0000000000005,2178.5077532930954
1227.9999999999995,1322.4662603311915
1960.0,1735.487658519681
1605.0,1730.76024360283
2099.0,2167.016991407408
3571.0000000000027,3434.9589013002856
1761.9999999999993,1485.6161184847654
2183.0000000000005,2169.389402577183
4046.0000000000005,4434.575808837154
2325.0000000000005,2302.143893354253
2069.0,1841.751902236875
1891.9999999999998,1974.8213153028712
1634.9999999999995,1507.7247535140552
3355.0000000000027,2887.1762236818718
3159.0000000000014,3241.0557490653987
793.0000000000003,1155.1805752329408
2742.9999999999995,2570.806631656107
2448.0,2569.674336141099
1302.0,1380.5179170194708
1644.0000000000002,1578.991431510025
1813.9999999999995,1814.3290727698977
1411.0,1432.8751134063186
1914.9999999999998,1966.7384115709797
1007.0000000000002,1245.2955653312752
3081.000000000002,2627.179169646513
1573.0,1581.3533382153762
2569.999999999999,2595.698436409444
3656.0,2742.5840138790973
2032.0000000000007,1935.6014735680087
1114.0000000000002,1129.0950296473663
1729.9999999999993,1557.1004887705897
2641.0,2491.0284076332587
1215.9999999999995,1225.5422708407734
1698.0000000000007,1617.1202618879638
1571.0000000000002,1492.9553450095545
3467.9999999999986,3007.7275324890406
2667.999999999999,2790.736814694018
3755.000000000001,3673.7578800798387
2563.0,2353.9327211751547
2819.999999999999,3082.898300535738
2221.000000000001,1893.9120743695657
763.0000000000001,985.8394209477342
3261.0000000000023,3652.960333805071
2498.9999999999995,2455.5798427702875
1916.0000000000002,1614.1893548762143
2057.0,2095.425408486508
2361.0,3649.060392459836
1869.000000000001,1735.0687361320145
1299.9999999999995,1141.664782581128
2784.000000000001,2965.0725814137877
2567.0000000000005,2726.1400950575453
2164.0,2128.8471738679523
2740.0000000000005,2933.2903441661824
2938.0,2726.0906731094447
1470.9999999999995,1165.6377350774053
3299.999999999998,2829.7982218116613
2612.000000000001,3011.600303898096
1486.9999999999998,1322.5439258233205
2670.0000000000005,2756.670604234888
3291.0000000000005,3308.9614063922177
4059.0000000000005,3586.0169888099745
1952.9999999999993,1794.3424427715338
3894.0000000000005,3745.3420899272555
1844.9999999999993,1905.8309893063931
2806.9999999999995,2374.7320071904583
1663.0000000000002,1685.04781459401
1279.9999999999995,1535.0747885448855
1781.9999999999995,1681.7813837608026
2166.0000000000005,1822.0495094207783
1824.0000000000002,1971.5256915877644
1432.9999999999998,1355.6249030034014
1871.9999999999998,1662.3358438255393
1556.0000000000002,1483.8982318763246
2261.9999999999995,2342.4664340185286
2514.999999999999,2381.1717142434477
5144.999999999998,6113.787668427472
1455.9999999999998,1596.0963647662359
1860.0,1745.1376561164614
4299.999999999997,4074.8711963297615
819.9999999999997,990.9416096973442
2893.0000000000005,3021.862967457515
1910.9999999999995,2071.4980875930037
4612.0,4278.671303839251
1559.0000000000005,1376.3317230205648
3129.0,3252.669684119156
3549.9999999999977,3182.532927247327
2730.000000000001,2859.077455298781
2118.000000000001,1979.2847665722124
1299.0,1429.8118370626883
2679.0,3018.212314589066
1139.0000000000005,1437.4756761289525
2010.0000000000002,1893.1967300238512
3595.9999999999973,3742.102451637769
2085.9999999999995,2264.282632643603
2249.0000000000005,2334.0498980513194
1696.9999999999993,1534.7719417337114
1974.0000000000005,1708.754178482511
2940.999999999999,3321.499912205351
1086.0000000000002,1146.9066786583155
2161.0,2488.006471268995
3063.0000000000027,2883.4251294277637
2494.0000000000005,2470.692514203243
2666.000000000001,2295.5416619001526
2368.999999999999,2253.0871029672444
2244.9999999999995,2358.8000145184883
1315.0000000000002,1391.7712599333152
4464.999999999996,4399.435938718464
5353.999999999995,6892.40204075142
1715.0000000000002,1745.6474355574226
2292.999999999999,2197.7419280569356
2752.999999999999,2399.166834734074
5097.999999999998,6160.390722554634
1887.9999999999993,2025.6180941128575
3097.0,2765.1432771439445
2363.9999999999995,1970.747403560288
3022.000000000002,2551.2041854935756
1362.0000000000005,1457.914758214376
1135.0000000000005,1283.8563493486238
1258.0,1310.610695050053
1716.0000000000005,1793.9276550631785
1486.0,1448.2583512097804
2212.0000000000005,1715.079112699075
1281.0,1175.7576495489375
2791.0000000000005,2889.225716833828
3067.0000000000027,3476.438971480831
2774.0,2868.3974369208713
1177.0,1549.2930895938546
1593.9999999999998,1568.5497644105733
1886.9999999999995,1793.6318803804832
2435.999999999999,2212.9205350637912
3093.0000000000023,2863.7058973231774
2254.000000000001,1998.2310988882646
1486.0,1728.0981191325568
2415.000000000001,2507.9591393416363
1780.9999999999995,1935.17793114792
1668.9999999999995,2016.6360495991767
1455.0,1378.469326404385
1983.999999999999,1352.4693483294177
4544.999999999999,5036.308480089856
974.9999999999995,1424.5455068597241
877.0000000000002,1130.007697483913
1178.9999999999995,1398.4863121593285
1835.0000000000005,1661.897588140412
1015.0000000000002,993.4066130399741
1310.0000000000002,1311.3666240941175
1494.9999999999993,1390.8036286887043
2111.9999999999995,1995.5905424994319
1378.9999999999995,1525.3087488600956
2649.0,2356.4222750407107
1494.9999999999993,1563.449335529636
2442.999999999999,1639.3850077952573
1420.9999999999998,1399.6987766601396
2635.0000000000005,2567.2311559134946
4415.0,4198.8184683696645
1283.0000000000002,1094.4430908652694
2484.999999999999,2189.622989830908
2635.0000000000005,2634.2262670197106
2023.0000000000007,1823.6129057416213
868.0000000000001,887.464228919947
2398.000000000001,2404.546119628608
1821.9999999999998,1369.4264521439925
1332.0000000000007,1376.8926716243125
3308.9999999999977,3723.4440473124346
1589.9999999999998,1564.983492245269
2051.0,1849.9305781350984
2734.0,2769.536536065827
1851.0000000000005,1789.8260661270856
1732.9999999999995,1894.9180393181107
2453.0,2117.1605306913743
2667.999999999999,2564.131476520065
3918.000000000003,4104.558851938298
2217.9999999999995,1939.291638910567
1593.0000000000005,1460.4650617937377
2216.0,1962.2694386749445
1073.9999999999998,1111.16052654079
998.9999999999998,1155.369853849938
1145.0000000000005,1140.3913005837408
1008.9999999999995,1030.0038761087137
3109.9999999999986,3297.019442885428
1795.0000000000007,1539.8999453190897
2806.000000000001,2580.021641298721
1673.9999999999998,1762.4387605347051
1234.9999999999995,1214.7341779283095
1987.0000000000007,1817.8590685029
1405.0000000000002,1362.320314732169
1835.0000000000005,1882.3712382349415
1648.0000000000002,1614.3071239676017
2734.9999999999995,2633.3262885076942
1756.9999999999998,1598.3240806621905
3798.000000000001,3904.3992073422373
4574.000000000003,3853.6359354246174
1947.0,1930.3468576951134
1941.0000000000007,1825.2375995681361
1117.9999999999998,1130.6172335147712
1217.9999999999995,1300.8567419075678
2926.9999999999995,3047.0250734628053
3095.0000000000014,3231.367179506596
3245.9999999999973,2923.791801120059
1206.0000000000002,1377.973521388174
1860.0,1747.5505077146554
2065.999999999999,2160.699822581292
1750.0000000000002,1808.1260401259458
2424.0000000000005,2389.230696518097
1969.9999999999998,2042.4112253430885
2032.0000000000007,1771.659696750825
4071.9999999999995,5086.205480446971
2794.0000000000005,2784.95011434155
1134.0000000000005,953.2816749908814
6260.000000000001,8211.04286667666
2992.0000000000027,3631.5604825525725
2789.0,2435.5080872203807
1763.9999999999998,1628.8996201674859
1150.0000000000002,1307.5433269835762
2708.000000000001,2405.7473217272204
2282.999999999999,1903.0895397096376
1279.0,1421.3416080419004
727.0,1408.7272972030999
1989.0000000000002,1953.0365412133422
2481.999999999999,2185.1430924019937
3268.000000000001,3646.118879850761
3179.999999999998,2404.592149100623
3155.0000000000023,2776.0738065297874
1991.0,2069.4453534307704
1805.0000000000002,1918.1995821451414
3129.0,3331.433081888175
1470.9999999999995,1570.7367156239363
4136.000000000002,3060.9779060229025
5220.999999999998,4958.412786352476
1064.9999999999998,1140.8361842987256
2200.0,2183.384110255023
2018.9999999999993,2327.0494928919525
2727.000000000001,2613.33359248268
2229.000000000001,2334.229386630547
1292.0,1282.2649892570598
2579.0000000000005,2537.8918683132574
2478.0,2669.2188077455276
4952.000000000004,4144.306307528372
4006.9999999999964,3507.1833573689273
1150.0000000000002,1249.6380259119774
1502.0,1723.6096865930363
2043.0000000000002,2041.9278421119461
3646.999999999999,3651.0449557562683
3711.9999999999995,4496.9167342321
3755.000000000001,3244.1456122942595
1741.0000000000005,1527.8580679846982
1718.9999999999998,2919.291110829277
2067.9999999999995,1810.945402705908
3254.9999999999995,3095.848630361282
2948.999999999999,2732.022921339074
3669.0000000000023,3592.335675285127
2192.9999999999995,2201.3714647215415
2863.000000000001,2685.488841169927
1434.0000000000007,1342.0141246012881
1349.0000000000005,1418.9313532925312
1724.9999999999998,1669.7636132922678
2167.000000000001,2203.9979025239354
3271.9999999999973,3315.0173641257215
2000.9999999999998,2026.7539867259004
2080.999999999999,2088.2483609524907
1763.0000000000005,1722.2231350249665
1744.9999999999998,1721.700559275487
1197.9999999999998,1184.851994015061
2067.9999999999995,2226.0251752900363
2631.0000000000005,2370.089316047701
2075.9999999999995,2207.9328452064033
1925.0000000000007,2048.505108123547
5616.000000000002,6700.516493548784
1832.9999999999998,1673.9864546206304
1947.0,2133.0676690948585
3983.9999999999977,3463.829199885422
2361.0,2523.604358792002
1851.0000000000005,1896.5454142502379
2583.0000000000005,2634.5770543278763
1382.0000000000005,1407.226624664346
2212.0000000000005,2262.0662089612642
1766.9999999999998,1696.273845675003
4497.000000000004,4199.682266247781
1070.0,1181.0756481735518
3942.0000000000023,3480.2331705110782
4219.999999999998,3737.2105927346106
2270.0,2260.0761823257258
3153.000000000001,2619.6320796132004
1393.0000000000005,1559.8744973900637
2664.999999999999,2449.4552547092094
1707.0000000000007,1699.995433396998
2098.0000000000005,2199.1172182967834
3361.0000000000014,3188.0812546713983
1082.0,1153.398475203256
2426.0,2642.104253198876
4818.000000000001,4496.208301011246
2632.000000000001,2850.078365981658
4027.999999999998,4225.939806777772
2456.999999999999,2076.373734144397
908.9999999999999,1167.6384950287588
1438.0,1589.1951907044072
2922.9999999999995,2708.843549867571
1265.9999999999995,1327.174414911254
1724.9999999999998,1809.9345276336169
1646.0000000000002,1645.9721357882372
4674.999999999999,4529.738652544759
2292.999999999999,1794.7804028441649
1513.9999999999998,1276.4193255802613
1444.0000000000005,1426.9178294025457
5303.000000000001,6207.9414675128355
1385.9999999999995,1257.5464762712452
4914.000000000005,5644.225631634727
1117.0,1325.9391408075405
3697.9999999999973,4126.566047021309
2711.999999999999,2790.271064208162
2938.0,2773.2740440509897
2301.0000000000005,1848.976507005554
1624.9999999999993,1763.0840766874376
1673.9999999999998,1906.3827053753387
662.9999999999998,886.0110543287308
3197.0000000000005,3265.818152877649
3538.0000000000005,3298.6779473256993
3439.000000000003,3040.143916582491
1969.0000000000005,1958.991199886831
2924.0000000000014,2782.124060685532
1180.0,1431.8123984808387
2201.9999999999995,2138.3704257567733
1273.9999999999998,1027.8233338357059
2254.000000000001,2063.114151504272
2573.000000000001,2799.6517581054877
2408.0000000000005,2820.825459777911
2210.0,2156.1041056215645
2608.0000000000005,2429.2532465161266
1685.0,1533.1949293621692
1783.0000000000007,1812.8710517807901
4625.000000000001,4871.139657992108
2389.999999999999,2227.8080505774224
2313.000000000001,2034.3730715702059
2520.999999999999,2770.8703683340946
1354.0000000000005,1497.1114646517046
3293.9999999999973,3285.4807512186185
2279.999999999999,1738.1341743974194
2153.9999999999995,2198.0498757638675
922.9999999999999,1150.6729742168384
2085.0000000000005,1875.245655662541
2845.0,2291.4335208813472
1195.9999999999995,1218.6455477159138
4299.999999999997,5141.852818278124
2029.0,2128.000853415358
914.9999999999997,1220.538304723606
1303.0000000000002,1208.7165791428952
2310.0000000000005,2250.708882597587
5065.000000000001,4346.242630010717
1160.9999999999995,1196.111430338421
2599.0,2501.206902864063
3997.9999999999995,4139.740710613311
1593.0000000000005,1926.473920206049
1993.0,2094.9676351817543
1416.0000000000002,1359.6595767953
1326.9999999999998,1345.2224157809683
3169.0000000000027,3341.8715562516313
1732.9999999999995,1568.9384641984498
2413.0000000000005,1890.8825662275328
3371.999999999999,3663.8250010402694
1965.9999999999995,2170.7847302450477
1382.9999999999995,1363.3884164098006
4334.000000000003,3686.8466879244415
3244.000000000002,2538.6464864453865
1287.0000000000005,1331.2649078600118
1785.9999999999993,2357.6215086788784
1007.0000000000002,1108.8578668441912
2541.999999999999,2927.5151224663036
2825.000000000001,2876.6048116781585
2669.000000000001,2674.8323796129657
2305.0,1974.0511561499786
2990.999999999999,3058.1894772445835
1551.9999999999998,1403.9601610507332
1802.999999999999,1708.9803406666285
1421.9999999999998,1382.9433786735879
2090.999999999999,2627.057035468343
2298.0,2110.460506085949
1444.0000000000005,1347.8630628872966
4645.999999999997,5168.304916059982
2599.9999999999995,2393.0273008687504
1315.9999999999995,1305.2954471112573
1315.9999999999995,1365.395401043653
2437.9999999999995,2598.3186846791687
2598.0000000000005,2505.44461493216
4231.000000000001,3388.95673601487
1583.0000000000002,1629.8577985460972
1634.9999999999995,1897.2563421809002
2629.000000000001,2077.014572223897
2441.0,2251.63300913501
1856.0000000000007,1897.0512710316295
1354.0000000000005,1181.988231879676
1073.9999999999998,1395.7718717524945
2659.0000000000005,2956.2893273480117
2721.0,2457.5969164383264
1640.9999999999995,1638.2387299135703
1779.9999999999995,1715.5875141667057
2557.999999999999,2693.414365927497
2020.0000000000005,1688.827001581496
5014.999999999998,6515.302742069842
1589.9999999999998,1505.0797229779212
1817.0,1797.5805658969005
1604.0,1508.9219620178096
2981.999999999998,2891.193997762532
1084.9999999999998,1238.247864455247
3369.9999999999977,3658.9072146690955
1564.9999999999998,1436.681176229934
2207.999999999999,2069.0761948853415
2004.0000000000005,2302.1407368514947
1648.0000000000002,1525.9032407751235
1890.9999999999995,1908.2089259068205
2608.0000000000005,2893.0731047265426
2005.000000000001,2157.8070862285426
1304.0000000000005,1181.4018657046147
3394.999999999999,3131.1676957423306
1543.9999999999995,1975.0392964865725
3550.9999999999977,3881.7320878149194
1447.9999999999998,1539.4393650812594
1544.9999999999993,1556.148493342788
2626.000000000001,2437.344630356404
2331.0,2068.673998784228
2146.0,2086.188392048413
1566.9999999999998,1409.2040630765634
3533.000000000001,2888.2203185507124
3061.9999999999973,2940.9325963515435
2063.999999999999,1885.0828638202458
