Actual,Predicted,Error
978,2273.053201788355,-1295.0532017883552
1608,2379.6283273870176,-771.6283273870176
2236,2763.1810014337884,-527.1810014337884
2834,2895.789477788468,-61.78947778846805
2591,1782.925402142922,808.0745978570781
5147,2842.501914989137,2304.498085010863
891,2299.0865525443724,-1408.0865525443724
2143,2219.765638989024,-76.76563898902396
2477,2325.1199033003895,151.88009669961048
1660,2923.043689831782,-1263.043689831782
2133,2218.544777701727,-85.54477770172707
2251,2735.9267893904744,-484.92678939047437
2463,1621.8418524576314,841.1581475423686
2775,2815.2477029458223,-40.24770294582231
3814,2708.6725773471603,1105.3274226528397
1454,2923.043689831782,-1469.043689831782
1632,2273.053201788355,-641.0532017883552
2387,2895.789477788468,-508.78947778846805
1473,1649.0960645009454,-176.09606450094543
2729,1755.6711900996077,973.3288099003923
1428,2219.765638989024,-791.765638989024
2605,2379.6283273870176,225.37167261298237
2824,2895.789477788468,-71.78947778846805
1983,1728.4169780562936,254.5830219437064
1021,1729.6378393435907,-708.6378393435907
2005,1621.8418524576314,383.1581475423686
2101,2219.765638989024,-118.76563898902396
2189,2165.257214902396,23.742785097604155
2035,2273.053201788355,-238.05320178835518
2065,2245.798989745041,-180.79898974504113
1199,2271.832340501058,-1072.8323405010578
3280,1649.0960645009454,1630.9039354990546
3051,2352.3741153437036,698.6258846562964
2237,2761.9601401464915,-524.9601401464915
1446,1676.3502765442597,-230.3502765442597
2265,2708.6725773471603,-443.6725773471603
3867,2895.789477788468,971.210522211532
1480,2219.765638989024,-739.765638989024
2795,1649.0960645009454,1145.9039354990546
2331,2326.3407645876864,4.659235412313592
1325,2326.3407645876864,-1001.3407645876864
2431,1675.1294152569624,755.8705847430376
1375,2192.51142694571,-817.5114269457099
1657,2165.257214902396,-508.25721490239584
3277,2868.5352657451535,408.46473425484646
1771,1728.4169780562936,42.5830219437064
3575,2923.043689831782,651.9563101682179
1904,2271.832340501058,-367.83234050105784
2440,2165.257214902396,274.74278509760416
1892,1755.6711900996077,136.32880990039234
1146,1649.0960645009454,-503.09606450094543
2334,2842.501914989137,-508.5019149891368
2773,2761.9601401464915,11.03985985350846
4510,2815.2477029458223,1694.7522970541777
2161,2842.501914989137,-681.5019149891368
1658,1755.6711900996077,-97.67119009960766
1858,2352.3741153437036,-494.3741153437036
2221,2816.4685642331197,-595.4685642331197
2296,1782.925402142922,513.0745978570781
1242,2325.1199033003895,-1083.1199033003895
3131,2735.9267893904744,395.07321060952563
1601,2379.6283273870176,-778.6283273870176
2422,1782.925402142922,639.0745978570781
1758,2326.3407645876864,-568.3407645876864
2388,2326.3407645876864,61.65923541231359
1837,1729.6378393435907,107.36216065640929
1594,1781.7045408556248,-187.70454085562483
1116,2299.0865525443724,-1183.0865525443724
1200,2273.053201788355,-1073.0532017883552
1877,2218.544777701727,-341.54477770172707
925,1676.3502765442597,-751.3502765442597
2272,2815.2477029458223,-543.2477029458223
4814,2868.5352657451535,1945.4647342548465
2542,2869.756127032451,-327.7561270324509
2106,1729.6378393435907,376.3621606564093
1045,1702.3836273002764,-657.3836273002764
4038,2273.053201788355,1764.9467982116448
4018,2763.1810014337884,1254.8189985662116
1491,2218.544777701727,-727.5447777017271
2126,1621.8418524576314,504.1581475423686
3758,2271.832340501058,1486.1676594989422
1821,1675.1294152569624,145.87058474303763
2088,1755.6711900996077,332.32880990039234
1960,1781.7045408556248,178.29545914437517
1947,1675.1294152569624,271.8705847430376
2836,2379.6283273870176,456.37167261298237
1664,1621.8418524576314,42.158147542368624
4584,2816.4685642331197,1767.5314357668803
2706,1621.8418524576314,1084.1581475423686
928,1675.1294152569624,-747.1294152569624
667,1702.3836273002764,-1035.3836273002764
1754,2219.765638989024,-465.76563898902396
2876,1729.6378393435907,1146.3621606564093
2457,2218.544777701727,238.45522229827293
1756,1808.9587528989389,-52.95875289893888
1120,1649.0960645009454,-529.0960645009454
1600,2218.544777701727,-618.5447777017271
2649,2192.51142694571,456.4885730542901
3197,2299.0865525443724,897.9134474556276
3192,1808.9587528989389,1383.0412471010611
1910,1808.9587528989389,101.04124710106112
2525,2761.9601401464915,-236.96014014649154
1950,2842.501914989137,-892.5019149891368
1928,2761.9601401464915,-833.9601401464915
1986,2219.765638989024,-233.76563898902396
1113,1728.4169780562936,-615.4169780562936
1789,2326.3407645876864,-537.3407645876864
2445,1808.9587528989389,636.0412471010611
4578,2761.9601401464915,1816.0398598535085
2967,2165.257214902396,801.7427850976042
2410,2761.9601401464915,-351.96014014649154
1067,1621.8418524576314,-554.8418524576314
1131,2761.9601401464915,-1630.9601401464915
4048,2895.789477788468,1152.210522211532
1619,2273.053201788355,-654.0532017883552
2136,2273.053201788355,-137.05320178835518
4421,2868.5352657451535,1552.4647342548465
2673,2761.9601401464915,-88.96014014649154
2028,1755.6711900996077,272.32880990039234
2078,1621.8418524576314,456.1581475423686
1399,2352.3741153437036,-953.3741153437036
2101,1649.0960645009454,451.90393549905457
3886,2923.043689831782,962.9563101682179
705,1649.0960645009454,-944.0960645009454
1472,2299.0865525443724,-827.0865525443724
905,1755.6711900996077,-850.6711900996077
2046,1675.1294152569624,370.8705847430376
2605,2816.4685642331197,-211.46856423311965
1085,1702.3836273002764,-617.3836273002764
1846,2325.1199033003895,-479.1199033003895
1210,1702.3836273002764,-492.38362730027643
1644,2165.257214902396,-521.2572149023958
2188,2815.2477029458223,-627.2477029458223
5416,2761.9601401464915,2654.0398598535085
2163,2192.51142694571,-29.5114269457099
2303,1836.2129649422532,466.78703505774683
2056,2815.2477029458223,-759.2477029458223
1535,2165.257214902396,-630.2572149023958
1977,2708.6725773471603,-731.6725773471603
2938,2735.9267893904744,202.07321060952563
2046,2379.6283273870176,-333.62832738701763
1906,2299.0865525443724,-393.08655254437235
1568,2165.257214902396,-597.2572149023958
3911,2842.501914989137,1068.4980850108632
1730,1621.8418524576314,108.15814754236862
2104,1781.7045408556248,322.2954591443752
1928,2271.832340501058,-343.83234050105784
3326,2816.4685642331197,509.53143576688035
940,1781.7045408556248,-841.7045408556248
3338,2761.9601401464915,576.0398598535085
2904,2763.1810014337884,140.81899856621158
2218,2379.6283273870176,-161.62832738701763
1589,1675.1294152569624,-86.12941525696237
992,2789.2143521898056,-1797.2143521898056
2141,1702.3836273002764,438.61637269972357
3706,2815.2477029458223,890.7522970541777
1494,1729.6378393435907,-235.6378393435907
2024,1649.0960645009454,374.90393549905457
1316,1729.6378393435907,-413.6378393435907
1822,1649.0960645009454,172.90393549905457
1561,2325.1199033003895,-764.1199033003895
1897,2352.3741153437036,-455.3741153437036
2387,1728.4169780562936,658.5830219437064
1749,1621.8418524576314,127.15814754236862
3386,2218.544777701727,1167.455222298273
657,2192.51142694571,-1535.51142694571
3181,1675.1294152569624,1505.8705847430376
1223,1728.4169780562936,-505.4169780562936
1730,2763.1810014337884,-1033.1810014337884
2757,2218.544777701727,538.4552222982729
2438,1621.8418524576314,816.1581475423686
2131,2299.0865525443724,-168.08655254437235
2822,1729.6378393435907,1092.3621606564093
1433,2165.257214902396,-732.2572149023958
3419,2923.043689831782,495.9563101682179
2134,2868.5352657451535,-734.5352657451535
1385,1836.2129649422532,-451.21296494225317
1309,2379.6283273870176,-1070.6283273870176
970,1649.0960645009454,-679.0960645009454
1488,2325.1199033003895,-837.1199033003895
2350,1836.2129649422532,513.7870350577468
5449,2789.2143521898056,2659.7856478101944
2598,2352.3741153437036,245.62588465629642
2769,2868.5352657451535,-99.53526574515354
2058,1755.6711900996077,302.32880990039234
1455,2219.765638989024,-764.765638989024
1211,1621.8418524576314,-410.8418524576314
3154,2325.1199033003895,828.8800966996105
1589,1728.4169780562936,-139.4169780562936
889,1729.6378393435907,-840.6378393435907
2026,2789.2143521898056,-763.2143521898056
1534,2923.043689831782,-1389.043689831782
1072,2245.798989745041,-1173.7989897450411
1024,2761.9601401464915,-1737.9601401464915
1394,2273.053201788355,-879.0532017883552
1826,1782.925402142922,43.07459785707806
2485,2219.765638989024,265.23436101097604
1968,2815.2477029458223,-847.2477029458223
1692,1781.7045408556248,-89.70454085562483
4973,2868.5352657451535,2104.4647342548465
5250,2869.756127032451,2380.243872967549
2568,2815.2477029458223,-247.2477029458223
838,1702.3836273002764,-864.3836273002764
2893,2218.544777701727,674.4552222982729
1674,1675.1294152569624,-1.1294152569623748
2198,2273.053201788355,-75.05320178835518
4312,2708.6725773471603,1603.3274226528397
2034,1702.3836273002764,331.61637269972357
1767,2815.2477029458223,-1048.2477029458223
1026,2299.0865525443724,-1273.0865525443724
2514,2842.501914989137,-328.5019149891368
1900,2868.5352657451535,-968.5352657451535
2134,2325.1199033003895,-191.11990330038952
4113,2165.257214902396,1947.7427850976042
4386,2895.789477788468,1490.210522211532
1592,2923.043689831782,-1331.043689831782
1536,1675.1294152569624,-139.12941525696237
1861,2245.798989745041,-384.7989897450411
2044,2895.789477788468,-851.789477788468
1074,2326.3407645876864,-1252.3407645876864
1843,2761.9601401464915,-918.9601401464915
1075,2219.765638989024,-1144.765638989024
2370,1675.1294152569624,694.8705847430376
1588,2708.6725773471603,-1120.6725773471603
1693,2735.9267893904744,-1042.9267893904744
2199,1781.7045408556248,417.2954591443752
3053,1676.3502765442597,1376.6497234557403
1803,1781.7045408556248,21.295459144375172
1358,2219.765638989024,-861.765638989024
2790,2895.789477788468,-105.78947778846805
1657,2299.0865525443724,-642.0865525443724
1086,2761.9601401464915,-1675.9601401464915
1245,2273.053201788355,-1028.0532017883552
1431,1675.1294152569624,-244.12941525696237
2764,2299.0865525443724,464.91344745562765
1552,2379.6283273870176,-827.6283273870176
2109,2273.053201788355,-164.05320178835518
1328,2326.3407645876864,-998.3407645876864
1585,2763.1810014337884,-1178.1810014337884
1066,2273.053201788355,-1207.0532017883552
2988,2816.4685642331197,171.53143576688035
1247,2192.51142694571,-945.5114269457099
1411,2219.765638989024,-808.765638989024
1608,2218.544777701727,-610.5447777017271
1791,2379.6283273870176,-588.6283273870176
2432,2869.756127032451,-437.7561270324509
1789,2815.2477029458223,-1026.2477029458223
2032,2842.501914989137,-810.5019149891368
2347,2816.4685642331197,-469.46856423311965
2830,2165.257214902396,664.7427850976042
1037,1808.9587528989389,-771.9587528989389
1038,1728.4169780562936,-690.4169780562936
2181,2325.1199033003895,-144.11990330038952
2292,2165.257214902396,126.74278509760416
2034,2219.765638989024,-185.76563898902396
1523,2299.0865525443724,-776.0865525443724
6076,2842.501914989137,3233.498085010863
2177,2326.3407645876864,-149.3407645876864
1787,1836.2129649422532,-49.212964942253166
1630,2708.6725773471603,-1078.6725773471603
2537,1728.4169780562936,808.5830219437064
1606,1755.6711900996077,-149.67119009960766
819,1728.4169780562936,-909.4169780562936
3758,2868.5352657451535,889.4647342548465
3073,2869.756127032451,203.24387296754912
2130,2761.9601401464915,-631.9601401464915
2076,1808.9587528989389,267.0412471010611
2096,2273.053201788355,-177.05320178835518
1981,1649.0960645009454,331.90393549905457
1362,2735.9267893904744,-1373.9267893904744
1227,2325.1199033003895,-1098.1199033003895
1936,2299.0865525443724,-363.08655254437235
611,1676.3502765442597,-1065.3502765442597
2267,2352.3741153437036,-85.37411534370358
1386,1728.4169780562936,-342.4169780562936
3627,2895.789477788468,731.210522211532
993,1755.6711900996077,-762.6711900996077
3637,2326.3407645876864,1310.6592354123136
1214,1649.0960645009454,-435.09606450094543
2252,2789.2143521898056,-537.2143521898056
1947,2218.544777701727,-271.54477770172707
3098,2868.5352657451535,229.46473425484646
443,1729.6378393435907,-1286.6378393435907
2666,2245.798989745041,420.2010102549589
1080,1781.7045408556248,-701.7045408556248
1278,1836.2129649422532,-558.2129649422532
2181,2325.1199033003895,-144.11990330038952
3378,2273.053201788355,1104.9467982116448
3147,2735.9267893904744,411.07321060952563
1841,2299.0865525443724,-458.08655254437235
3129,2761.9601401464915,367.03985985350846
2201,1675.1294152569624,525.8705847430376
1509,2895.789477788468,-1386.789477788468
1753,1676.3502765442597,76.64972345574029
2020,1621.8418524576314,398.1581475423686
2372,1675.1294152569624,696.8705847430376
2522,2219.765638989024,302.23436101097604
3328,2923.043689831782,404.9563101682179
3423,2192.51142694571,1230.48857305429
3926,2763.1810014337884,1162.8189985662116
656,1702.3836273002764,-1046.3836273002764
1669,2789.2143521898056,-1120.2143521898056
1702,1702.3836273002764,-0.3836273002764301
1519,1836.2129649422532,-317.21296494225317
2184,2245.798989745041,-61.798989745041126
1711,2735.9267893904744,-1024.9267893904744
1433,1782.925402142922,-349.92540214292194
3407,2895.789477788468,511.21052221153195
1346,1781.7045408556248,-435.7045408556248
1482,2815.2477029458223,-1333.2477029458223
936,1729.6378393435907,-793.6378393435907
1367,2299.0865525443724,-932.0865525443724
1267,2192.51142694571,-925.5114269457099
1322,1621.8418524576314,-299.8418524576314
1649,2219.765638989024,-570.765638989024
3297,2273.053201788355,1023.9467982116448
1964,1728.4169780562936,235.5830219437064
2478,1808.9587528989389,669.0412471010611
1087,1729.6378393435907,-642.6378393435907
1685,2326.3407645876864,-641.3407645876864
1394,2271.832340501058,-877.8323405010578
2651,2842.501914989137,-191.50191498913682
1192,2245.798989745041,-1053.7989897450411
3231,2218.544777701727,1012.4552222982729
1933,2192.51142694571,-259.5114269457099
2564,2271.832340501058,292.16765949894216
2385,2763.1810014337884,-378.1810014337884
2075,2165.257214902396,-90.25721490239584
2966,2789.2143521898056,176.7856478101944
3357,2352.3741153437036,1004.6258846562964
3147,1676.3502765442597,1470.6497234557403
3501,2218.544777701727,1282.455222298273
2474,2869.756127032451,-395.7561270324509
1569,2379.6283273870176,-810.6283273870176
3422,2842.501914989137,579.4980850108632
1344,1755.6711900996077,-411.67119009960766
2488,1621.8418524576314,866.1581475423686
3156,2165.257214902396,990.7427850976042
2342,2815.2477029458223,-473.2477029458223
2798,2815.2477029458223,-17.24770294582231
2908,2326.3407645876864,581.6592354123136
2223,1729.6378393435907,493.3621606564093
1836,2271.832340501058,-435.83234050105784
2343,1621.8418524576314,721.1581475423686
1698,1728.4169780562936,-30.4169780562936
3420,2869.756127032451,550.2438729675491
1394,2219.765638989024,-825.765638989024
4121,2761.9601401464915,1359.0398598535085
2191,2895.789477788468,-704.789477788468
2304,2271.832340501058,32.16765949894216
3739,2895.789477788468,843.210522211532
3728,2761.9601401464915,966.0398598535085
3058,2923.043689831782,134.9563101682179
3204,2352.3741153437036,851.6258846562964
1449,1649.0960645009454,-200.09606450094543
3650,2325.1199033003895,1324.8800966996105
2065,2815.2477029458223,-750.2477029458223
2047,2379.6283273870176,-332.62832738701763
1349,2299.0865525443724,-950.0865525443724
1276,1808.9587528989389,-532.9587528989389
3009,1729.6378393435907,1279.3621606564093
968,1755.6711900996077,-787.6711900996077
3502,2789.2143521898056,712.7856478101944
2895,2895.789477788468,-0.789477788468048
2245,1728.4169780562936,516.5830219437064
1874,2273.053201788355,-399.0532017883552
1518,1649.0960645009454,-131.09606450094543
1642,2219.765638989024,-577.765638989024
1614,2299.0865525443724,-685.0865525443724
3328,2352.3741153437036,975.6258846562964
1526,2192.51142694571,-666.5114269457099
3369,2895.789477788468,473.21052221153195
2325,2326.3407645876864,-1.340764587686408
2297,2708.6725773471603,-411.6725773471603
2306,1781.7045408556248,524.2954591443752
2945,2815.2477029458223,129.7522970541777
1564,2763.1810014337884,-1199.1810014337884
1502,1836.2129649422532,-334.21296494225317
1384,2271.832340501058,-887.8323405010578
3696,2895.789477788468,800.210522211532
2783,2761.9601401464915,21.03985985350846
1460,2192.51142694571,-732.5114269457099
1804,2923.043689831782,-1119.043689831782
2358,2763.1810014337884,-405.1810014337884
3125,1808.9587528989389,1316.0412471010611
2566,2868.5352657451535,-302.53526574515354
3131,2271.832340501058,859.1676594989422
1354,2245.798989745041,-891.7989897450411
2491,1782.925402142922,708.0745978570781
1526,2842.501914989137,-1316.5019149891368
2747,2761.9601401464915,-14.96014014649154
4488,2895.789477788468,1592.210522211532
1465,1808.9587528989389,-343.9587528989389
2282,2869.756127032451,-587.7561270324509
1799,1621.8418524576314,177.15814754236862
1697,2868.5352657451535,-1171.5352657451535
2876,2192.51142694571,683.4885730542901
1201,2273.053201788355,-1072.0532017883552
3050,2352.3741153437036,697.6258846562964
1743,2326.3407645876864,-583.3407645876864
2886,2815.2477029458223,70.75229705417769
2732,1621.8418524576314,1110.1581475423686
951,2219.765638989024,-1268.765638989024
3044,1781.7045408556248,1262.2954591443752
2116,2708.6725773471603,-592.6725773471603
1818,2761.9601401464915,-943.9601401464915
5258,2815.2477029458223,2442.7522970541777
2881,2868.5352657451535,12.464734254846462
2107,2379.6283273870176,-272.62832738701763
2069,2218.544777701727,-149.54477770172707
3292,2273.053201788355,1018.9467982116448
2854,2789.2143521898056,64.7856478101944
3268,2895.789477788468,372.21052221153195
5020,2735.9267893904744,2284.0732106095256
2091,2842.501914989137,-751.5019149891368
1171,1676.3502765442597,-505.3502765442597
1812,2245.798989745041,-433.7989897450411
1573,1728.4169780562936,-155.4169780562936
1424,2789.2143521898056,-1365.2143521898056
2030,1621.8418524576314,408.1581475423686
5557,2735.9267893904744,2821.0732106095256
1550,1728.4169780562936,-178.4169780562936
2237,1675.1294152569624,561.8705847430376
2722,2271.832340501058,450.16765949894216
1694,1675.1294152569624,18.870584743037625
1862,1675.1294152569624,186.87058474303763
2848,2299.0865525443724,548.9134474556276
2173,1729.6378393435907,443.3621606564093
1554,1675.1294152569624,-121.12941525696237
2110,2271.832340501058,-161.83234050105784
2033,1729.6378393435907,303.3621606564093
1457,2273.053201788355,-816.0532017883552
2233,1621.8418524576314,611.1581475423686
2512,2271.832340501058,240.16765949894216
2071,2379.6283273870176,-308.62832738701763
1803,2325.1199033003895,-522.1199033003895
1710,1702.3836273002764,7.61637269972357
1857,1729.6378393435907,127.36216065640929
1414,2735.9267893904744,-1321.9267893904744
2280,1836.2129649422532,443.78703505774683
2604,2271.832340501058,332.16765949894216
1836,2192.51142694571,-356.5114269457099
2736,1649.0960645009454,1086.9039354990546
1824,2165.257214902396,-341.25721490239584
1761,1649.0960645009454,111.90393549905457
3247,1728.4169780562936,1518.5830219437064
6438,2869.756127032451,3568.243872967549
2540,2763.1810014337884,-223.18100143378842
6816,2869.756127032451,3946.243872967549
1397,1676.3502765442597,-279.3502765442597
1357,1781.7045408556248,-424.7045408556248
2429,2895.789477788468,-466.78947778846805
3312,2869.756127032451,442.2438729675491
2031,1836.2129649422532,194.78703505774683
3906,2895.789477788468,1010.210522211532
950,1649.0960645009454,-699.0960645009454
2384,1755.6711900996077,628.3288099003923
1329,1649.0960645009454,-320.09606450094543
1009,2761.9601401464915,-1752.9601401464915
1918,2218.544777701727,-300.54477770172707
1495,2219.765638989024,-724.765638989024
1181,1782.925402142922,-601.9254021429219
1922,2735.9267893904744,-813.9267893904744
1330,1808.9587528989389,-478.9587528989389
3456,2219.765638989024,1236.234361010976
5071,2868.5352657451535,2202.4647342548465
3887,2816.4685642331197,1070.5314357668803
1895,1728.4169780562936,166.5830219437064
1746,2895.789477788468,-1149.789477788468
1528,2299.0865525443724,-771.0865525443724
1717,1649.0960645009454,67.90393549905457
1651,1676.3502765442597,-25.350276544259714
3161,1755.6711900996077,1405.3288099003923
5779,2816.4685642331197,2962.5314357668803
1340,2763.1810014337884,-1423.1810014337884
1361,1782.925402142922,-421.92540214292194
4784,2815.2477029458223,1968.7522970541777
1150,2352.3741153437036,-1202.3741153437036
1234,1729.6378393435907,-495.6378393435907
1586,1729.6378393435907,-143.6378393435907
2654,1836.2129649422532,817.7870350577468
1074,1808.9587528989389,-734.9587528989389
5229,2763.1810014337884,2465.8189985662116
2881,2923.043689831782,-42.0436898317821
1283,2763.1810014337884,-1480.1810014337884
1894,1782.925402142922,111.07459785707806
2892,2325.1199033003895,566.8800966996105
789,2192.51142694571,-1403.51142694571
2673,2325.1199033003895,347.8800966996105
1894,2299.0865525443724,-405.08655254437235
3026,1649.0960645009454,1376.9039354990546
1723,1729.6378393435907,-6.637839343590713
2264,2352.3741153437036,-88.37411534370358
3440,2761.9601401464915,678.0398598535085
2509,1729.6378393435907,779.3621606564093
3077,2789.2143521898056,287.7856478101944
1745,1782.925402142922,-37.92540214292194
1224,2192.51142694571,-968.5114269457099
2210,2869.756127032451,-659.7561270324509
1858,2326.3407645876864,-468.3407645876864
1579,2326.3407645876864,-747.3407645876864
2489,2815.2477029458223,-326.2477029458223
2813,1836.2129649422532,976.7870350577468
4039,2352.3741153437036,1686.6258846562964
1550,2325.1199033003895,-775.1199033003895
1873,2192.51142694571,-319.5114269457099
1119,1649.0960645009454,-530.0960645009454
1371,1621.8418524576314,-250.84185245763138
2411,1836.2129649422532,574.7870350577468
3855,2735.9267893904744,1119.0732106095256
3865,2165.257214902396,1699.7427850976042
2109,1728.4169780562936,380.5830219437064
2244,1676.3502765442597,567.6497234557403
4603,2842.501914989137,1760.4980850108632
862,2245.798989745041,-1383.7989897450411
2045,2218.544777701727,-173.54477770172707
2438,1702.3836273002764,735.6163726997236
1536,1621.8418524576314,-85.84185245763138
6232,2789.2143521898056,3442.7856478101944
1365,1675.1294152569624,-310.1294152569624
1558,1729.6378393435907,-171.6378393435907
2716,2816.4685642331197,-100.46856423311965
2274,1702.3836273002764,571.6163726997236
826,1782.925402142922,-956.9254021429219
1061,2708.6725773471603,-1647.6725773471603
3252,2816.4685642331197,435.53143576688035
3380,2923.043689831782,456.9563101682179
3740,2789.2143521898056,950.7856478101944
1954,2868.5352657451535,-914.5352657451535
1141,2192.51142694571,-1051.51142694571
1603,1781.7045408556248,-178.70454085562483
1969,1729.6378393435907,239.3621606564093
3536,2326.3407645876864,1209.6592354123136
2289,2763.1810014337884,-474.1810014337884
2334,1782.925402142922,551.0745978570781
1943,1755.6711900996077,187.32880990039234
3785,2895.789477788468,889.210522211532
1809,1676.3502765442597,132.6497234557403
976,1781.7045408556248,-805.7045408556248
2009,2815.2477029458223,-806.2477029458223
1787,1728.4169780562936,58.5830219437064
1997,2869.756127032451,-872.7561270324509
976,2192.51142694571,-1216.51142694571
2225,2325.1199033003895,-100.11990330038952
1624,1782.925402142922,-158.92540214292194
1347,2923.043689831782,-1576.043689831782
1629,2192.51142694571,-563.5114269457099
1732,2326.3407645876864,-594.3407645876864
1843,2326.3407645876864,-483.3407645876864
560,1781.7045408556248,-1221.7045408556248
1408,1675.1294152569624,-267.1294152569624
1672,1781.7045408556248,-109.70454085562483
2322,1649.0960645009454,672.9039354990546
4383,2816.4685642331197,1566.5314357668803
4013,2869.756127032451,1143.2438729675491
2059,1675.1294152569624,383.8705847430376
1330,2218.544777701727,-888.5447777017271
2184,1808.9587528989389,375.0412471010611
1563,2352.3741153437036,-789.3741153437036
5033,2842.501914989137,2190.498085010863
1511,1782.925402142922,-271.92540214292194
1560,2192.51142694571,-632.5114269457099
2940,1808.9587528989389,1131.0412471010611
1834,1836.2129649422532,-2.2129649422531656
4418,2789.2143521898056,1628.7856478101944
2141,2352.3741153437036,-211.37411534370358
1502,2868.5352657451535,-1366.5352657451535
5696,2868.5352657451535,2827.4647342548465
3187,2923.043689831782,263.9563101682179
1378,1649.0960645009454,-271.09606450094543
3272,2895.789477788468,376.21052221153195
1625,1781.7045408556248,-156.70454085562483
723,1675.1294152569624,-952.1294152569624
2391,2299.0865525443724,91.91344745562765
1185,2815.2477029458223,-1630.2477029458223
2648,2895.789477788468,-247.78947778846805
1614,2219.765638989024,-605.765638989024
1688,1676.3502765442597,11.649723455740286
1509,2245.798989745041,-736.7989897450411
4281,2895.789477788468,1385.210522211532
1656,1702.3836273002764,-46.38362730027643
4546,2923.043689831782,1622.956310168218
1154,2326.3407645876864,-1172.3407645876864
2672,1836.2129649422532,835.7870350577468
2253,2789.2143521898056,-536.2143521898056
2480,2273.053201788355,206.94679821164482
1439,1808.9587528989389,-369.9587528989389
3730,2708.6725773471603,1021.3274226528397
2124,2815.2477029458223,-691.2477029458223
2781,2165.257214902396,615.7427850976042
5390,2735.9267893904744,2654.0732106095256
2682,1621.8418524576314,1060.1581475423686
1892,2271.832340501058,-379.83234050105784
4404,2789.2143521898056,1614.7856478101944
2517,2379.6283273870176,137.37167261298237
4383,2708.6725773471603,1674.3274226528397
3075,2761.9601401464915,313.03985985350846
2238,2326.3407645876864,-88.34076458768641
1568,2245.798989745041,-677.7989897450411
2288,2815.2477029458223,-527.2477029458223
2317,1755.6711900996077,561.3288099003923
4302,2895.789477788468,1406.210522211532
3106,2379.6283273870176,726.3716726129824
1480,2708.6725773471603,-1228.6725773471603
1429,1702.3836273002764,-273.38362730027643
2333,2245.798989745041,87.20101025495887
961,2379.6283273870176,-1418.6283273870176
2141,2708.6725773471603,-567.6725773471603
1301,2326.3407645876864,-1025.3407645876864
2874,1676.3502765442597,1197.6497234557403
2429,1702.3836273002764,726.6163726997236
2416,2273.053201788355,142.94679821164482
2521,2789.2143521898056,-268.2143521898056
1662,1808.9587528989389,-146.95875289893888
3272,2708.6725773471603,563.3274226528397
610,1702.3836273002764,-1092.3836273002764
2140,1755.6711900996077,384.32880990039234
2210,1781.7045408556248,428.2954591443752
1536,1702.3836273002764,-166.38362730027643
2200,2816.4685642331197,-616.4685642331197
2694,2326.3407645876864,367.6592354123136
2809,1729.6378393435907,1079.3621606564093
2994,2735.9267893904744,258.07321060952563
1773,1808.9587528989389,-35.95875289893888
2866,2299.0865525443724,566.9134474556276
1168,1675.1294152569624,-507.1294152569624
1152,2326.3407645876864,-1174.3407645876864
2469,1808.9587528989389,660.0412471010611
1355,1676.3502765442597,-321.3502765442597
3062,2379.6283273870176,682.3716726129824
2108,2325.1199033003895,-217.11990330038952
1764,2325.1199033003895,-561.1199033003895
1179,1702.3836273002764,-523.3836273002764
1484,2352.3741153437036,-868.3741153437036
5254,2842.501914989137,2411.498085010863
1061,2379.6283273870176,-1318.6283273870176
3538,2761.9601401464915,776.0398598535085
3463,2895.789477788468,567.210522211532
1010,1782.925402142922,-772.9254021429219
1378,2218.544777701727,-840.5447777017271
2554,2352.3741153437036,201.62588465629642
2910,1729.6378393435907,1180.3621606564093
3561,2271.832340501058,1289.1676594989422
3294,2815.2477029458223,478.7522970541777
1523,2869.756127032451,-1346.7561270324509
1675,2273.053201788355,-598.0532017883552
1709,1621.8418524576314,87.15814754236862
6176,2735.9267893904744,3440.0732106095256
2308,2165.257214902396,142.74278509760416
1377,2789.2143521898056,-1412.2143521898056
1914,1702.3836273002764,211.61637269972357
1647,2708.6725773471603,-1061.6725773471603
1712,1702.3836273002764,9.61637269972357
3287,1729.6378393435907,1557.3621606564093
1794,2763.1810014337884,-969.1810014337884
2340,1675.1294152569624,664.8705847430376
2563,1675.1294152569624,887.8705847430376
1453,1676.3502765442597,-223.3502765442597
1906,2869.756127032451,-963.7561270324509
2161,2245.798989745041,-84.79898974504113
1751,1728.4169780562936,22.5830219437064
1749,2192.51142694571,-443.5114269457099
1922,2219.765638989024,-297.76563898902396
2226,1728.4169780562936,497.5830219437064
1310,2352.3741153437036,-1042.3741153437036
2214,2735.9267893904744,-521.9267893904744
1428,1649.0960645009454,-221.09606450094543
3364,2789.2143521898056,574.7856478101944
2646,2325.1199033003895,320.8800966996105
2929,2923.043689831782,5.956310168217897
1965,2325.1199033003895,-360.1199033003895
3038,1808.9587528989389,1229.0412471010611
531,1836.2129649422532,-1305.2129649422532
3961,2923.043689831782,1037.956310168218
2828,2352.3741153437036,475.6258846562964
1092,1649.0960645009454,-557.0960645009454
867,2325.1199033003895,-1458.1199033003895
4327,2763.1810014337884,1563.8189985662116
4156,2869.756127032451,1286.2438729675491
3803,1755.6711900996077,2047.3288099003923
1731,2352.3741153437036,-621.3741153437036
2494,2325.1199033003895,168.88009669961048
2474,1675.1294152569624,798.8705847430376
1480,1836.2129649422532,-356.21296494225317
3144,2271.832340501058,872.1676594989422
488,1675.1294152569624,-1187.1294152569624
1104,2271.832340501058,-1167.8323405010578
851,1781.7045408556248,-930.7045408556248
2996,1676.3502765442597,1319.6497234557403
1698,1676.3502765442597,21.649723455740286
1738,2245.798989745041,-507.7989897450411
1267,2271.832340501058,-1004.8323405010578
1430,1836.2129649422532,-406.21296494225317
1650,2923.043689831782,-1273.043689831782
2117,2273.053201788355,-156.05320178835518
1593,1728.4169780562936,-135.4169780562936
1887,2923.043689831782,-1036.043689831782
2215,2379.6283273870176,-164.62832738701763
3272,2869.756127032451,402.2438729675491
1912,2763.1810014337884,-851.1810014337884
1766,1649.0960645009454,116.90393549905457
2059,1782.925402142922,276.07459785707806
1952,2379.6283273870176,-427.62832738701763
2412,1808.9587528989389,603.0412471010611
1560,2326.3407645876864,-766.3407645876864
3264,2218.544777701727,1045.455222298273
4773,2869.756127032451,1903.2438729675491
1608,1702.3836273002764,-94.38362730027643
2349,2923.043689831782,-574.0436898317821
779,2325.1199033003895,-1546.1199033003895
1586,2165.257214902396,-579.2572149023958
2738,2379.6283273870176,358.37167261298237
2705,2379.6283273870176,325.37167261298237
1640,1649.0960645009454,-9.096064500945431
2168,2868.5352657451535,-700.5352657451535
3840,2761.9601401464915,1078.0398598535085
3411,2192.51142694571,1218.48857305429
2967,2895.789477788468,71.21052221153195
1312,2379.6283273870176,-1067.6283273870176
2517,2708.6725773471603,-191.6725773471603
1077,2761.9601401464915,-1684.9601401464915
1836,2218.544777701727,-382.54477770172707
1587,1808.9587528989389,-221.95875289893888
1336,2326.3407645876864,-990.3407645876864
3923,2761.9601401464915,1161.0398598535085
3767,2895.789477788468,871.210522211532
2382,1808.9587528989389,573.0412471010611
3402,2735.9267893904744,666.0732106095256
3197,2868.5352657451535,328.46473425484646
3490,2735.9267893904744,754.0732106095256
3590,1728.4169780562936,1861.5830219437064
1356,1676.3502765442597,-320.3502765442597
2799,1782.925402142922,1016.0745978570781
1296,1621.8418524576314,-325.8418524576314
1598,2165.257214902396,-567.2572149023958
2871,2869.756127032451,1.2438729675491231
2011,2868.5352657451535,-857.5352657451535
2160,1728.4169780562936,431.5830219437064
2711,2379.6283273870176,331.37167261298237
2673,2299.0865525443724,373.91344745562765
1656,2763.1810014337884,-1107.1810014337884
2399,1782.925402142922,616.0745978570781
3174,2815.2477029458223,358.7522970541777
2542,1702.3836273002764,839.6163726997236
5284,2869.756127032451,2414.243872967549
1612,2923.043689831782,-1311.043689831782
4707,2763.1810014337884,1943.8189985662116
2752,1781.7045408556248,970.2954591443752
2057,2192.51142694571,-135.5114269457099
1840,2271.832340501058,-431.83234050105784
2183,2761.9601401464915,-578.9601401464915
2713,2325.1199033003895,387.8800966996105
3234,2869.756127032451,364.2438729675491
1705,1755.6711900996077,-50.67119009960766
4231,2708.6725773471603,1522.3274226528397
579,1649.0960645009454,-1070.0960645009454
2290,2708.6725773471603,-418.6725773471603
2305,1621.8418524576314,683.1581475423686
675,2299.0865525443724,-1624.0865525443724
1733,2326.3407645876864,-593.3407645876864
1418,1755.6711900996077,-337.67119009960766
1448,1808.9587528989389,-360.9587528989389
2578,1676.3502765442597,901.6497234557403
3373,2816.4685642331197,556.5314357668803
1908,1621.8418524576314,286.1581475423686
1886,2219.765638989024,-333.76563898902396
1982,1649.0960645009454,332.90393549905457
2092,1755.6711900996077,336.32880990039234
4974,2923.043689831782,2050.956310168218
1085,1836.2129649422532,-751.2129649422532
1301,1755.6711900996077,-454.67119009960766
1294,2299.0865525443724,-1005.0865525443724
1548,1781.7045408556248,-233.70454085562483
2515,2816.4685642331197,-301.46856423311965
2446,2245.798989745041,200.20101025495887
1975,2761.9601401464915,-786.9601401464915
1099,2218.544777701727,-1119.544777701727
2718,1781.7045408556248,936.2954591443752
2134,2219.765638989024,-85.76563898902396
1673,1755.6711900996077,-82.67119009960766
1529,1728.4169780562936,-199.4169780562936
2026,1808.9587528989389,217.04124710106112
2706,1729.6378393435907,976.3621606564093
4338,2761.9601401464915,1576.0398598535085
2231,2219.765638989024,11.234361010976045
3141,2245.798989745041,895.2010102549589
1775,1782.925402142922,-7.925402142921939
1415,2379.6283273870176,-964.6283273870176
2261,2326.3407645876864,-65.34076458768641
967,2735.9267893904744,-1768.9267893904744
2137,2352.3741153437036,-215.37411534370358
5920,2763.1810014337884,3156.8189985662116
2386,2735.9267893904744,-349.92678939047437
1690,1649.0960645009454,40.90393549905457
1459,2192.51142694571,-733.5114269457099
2234,1649.0960645009454,584.9039354990546
1370,2271.832340501058,-901.8323405010578
4053,2735.9267893904744,1317.0732106095256
2217,1702.3836273002764,514.6163726997236
2801,2273.053201788355,527.9467982116448
2810,2869.756127032451,-59.75612703245088
1607,2192.51142694571,-585.5114269457099
1216,2192.51142694571,-976.5114269457099
4933,2708.6725773471603,2224.3274226528397
2541,2352.3741153437036,188.62588465629642
2416,1621.8418524576314,794.1581475423686
1055,2271.832340501058,-1216.8323405010578
2603,1781.7045408556248,821.2954591443752
2539,1781.7045408556248,757.2954591443752
2582,2708.6725773471603,-126.67257734716031
2590,2273.053201788355,316.9467982116448
1980,1729.6378393435907,250.3621606564093
2469,2273.053201788355,195.94679821164482
1264,2325.1199033003895,-1061.1199033003895
1959,2789.2143521898056,-830.2143521898056
2280,2815.2477029458223,-535.2477029458223
1364,1808.9587528989389,-444.9587528989389
3030,2273.053201788355,756.9467982116448
917,1702.3836273002764,-785.3836273002764
2614,1755.6711900996077,858.3288099003923
1443,1676.3502765442597,-233.3502765442597
1401,1755.6711900996077,-354.67119009960766
2115,1676.3502765442597,438.6497234557403
4064,2789.2143521898056,1274.7856478101944
3332,1729.6378393435907,1602.3621606564093
1790,1836.2129649422532,-46.212964942253166
3348,1676.3502765442597,1671.6497234557403
3523,2761.9601401464915,761.0398598535085
2588,2379.6283273870176,208.37167261298237
1794,1755.6711900996077,38.32880990039234
1153,1782.925402142922,-629.9254021429219
7337,2816.4685642331197,4520.53143576688
2194,2379.6283273870176,-185.62832738701763
1323,1782.925402142922,-459.92540214292194
904,2326.3407645876864,-1422.3407645876864
2922,1676.3502765442597,1245.6497234557403
3070,2923.043689831782,146.9563101682179
2441,2842.501914989137,-401.5019149891368
1865,1836.2129649422532,28.787035057746834
1160,2271.832340501058,-1111.8323405010578
2079,2273.053201788355,-194.05320178835518
2083,2842.501914989137,-759.5019149891368
3765,2379.6283273870176,1385.3716726129824
3495,2868.5352657451535,626.4647342548465
1412,2815.2477029458223,-1403.2477029458223
927,1675.1294152569624,-748.1294152569624
3475,1808.9587528989389,1666.0412471010611
1782,2895.789477788468,-1113.789477788468
2619,2789.2143521898056,-170.2143521898056
871,2219.765638989024,-1348.765638989024
3265,2761.9601401464915,503.03985985350846
1224,2895.789477788468,-1671.789477788468
1488,1728.4169780562936,-240.4169780562936
4796,2923.043689831782,1872.956310168218
4456,2708.6725773471603,1747.3274226528397
2850,2271.832340501058,578.1676594989422
2637,2273.053201788355,363.9467982116448
2539,2816.4685642331197,-277.46856423311965
1325,1836.2129649422532,-511.21296494225317
1161,1782.925402142922,-621.9254021429219
1962,1729.6378393435907,232.3621606564093
1828,2816.4685642331197,-988.4685642331197
2058,2219.765638989024,-161.76563898902396
2373,2763.1810014337884,-390.1810014337884
1617,1781.7045408556248,-164.70454085562483
2860,2245.798989745041,614.2010102549589
1255,1649.0960645009454,-394.09606450094543
1933,1728.4169780562936,204.5830219437064
1799,2708.6725773471603,-909.6725773471603
1269,2869.756127032451,-1600.7561270324509
2487,2245.798989745041,241.20101025495887
1742,2379.6283273870176,-637.6283273870176
1843,1808.9587528989389,34.04124710106112
1624,1836.2129649422532,-212.21296494225317
1573,2245.798989745041,-672.7989897450411
1805,2299.0865525443724,-494.08655254437235
1857,1836.2129649422532,20.787035057746834
1904,2735.9267893904744,-831.9267893904744
1723,1781.7045408556248,-58.70454085562483
5571,2842.501914989137,2728.498085010863
1116,1808.9587528989389,-692.9587528989389
2459,2868.5352657451535,-409.53526574515354
1546,2273.053201788355,-727.0532017883552
2664,2763.1810014337884,-99.18100143378842
2696,1782.925402142922,913.0745978570781
1835,2352.3741153437036,-517.3741153437036
1554,1836.2129649422532,-282.21296494225317
1334,1781.7045408556248,-447.7045408556248
1167,2273.053201788355,-1106.0532017883552
2201,2842.501914989137,-641.5019149891368
1851,1621.8418524576314,229.15814754236862
932,1781.7045408556248,-849.7045408556248
2919,2815.2477029458223,103.75229705417769
1685,2192.51142694571,-507.5114269457099
1745,1728.4169780562936,16.5830219437064
1653,1728.4169780562936,-75.4169780562936
2384,2218.544777701727,165.45522229827293
1143,2869.756127032451,-1726.7561270324509
1556,1836.2129649422532,-280.21296494225317
1320,1728.4169780562936,-408.4169780562936
1886,1781.7045408556248,104.29545914437517
4257,2815.2477029458223,1441.7522970541777
2665,2816.4685642331197,-151.46856423311965
2107,2895.789477788468,-788.789477788468
3307,1649.0960645009454,1657.9039354990546
3149,2868.5352657451535,280.46473425484646
1092,1781.7045408556248,-689.7045408556248
1901,2299.0865525443724,-398.08655254437235
2252,2735.9267893904744,-483.92678939047437
2106,2165.257214902396,-59.257214902395845
1023,1649.0960645009454,-626.0960645009454
2441,2245.798989745041,195.20101025495887
3218,2895.789477788468,322.21052221153195
1692,2273.053201788355,-581.0532017883552
5486,2735.9267893904744,2750.0732106095256
2636,1676.3502765442597,959.6497234557403
2338,2923.043689831782,-585.0436898317821
1058,2219.765638989024,-1161.765638989024
1352,2708.6725773471603,-1356.6725773471603
986,1755.6711900996077,-769.6711900996077
1376,2273.053201788355,-897.0532017883552
1914,2273.053201788355,-359.0532017883552
3147,2868.5352657451535,278.46473425484646
1008,2192.51142694571,-1184.51142694571
2158,1621.8418524576314,536.1581475423686
1916,2271.832340501058,-355.83234050105784
1707,2708.6725773471603,-1001.6725773471603
1442,1836.2129649422532,-394.21296494225317
1786,1676.3502765442597,109.64972345574029
5039,2842.501914989137,2196.498085010863
2629,2868.5352657451535,-239.53526574515354
1803,2326.3407645876864,-523.3407645876864
4388,2816.4685642331197,1571.5314357668803
1475,2219.765638989024,-744.765638989024
3123,2761.9601401464915,361.03985985350846
751,1649.0960645009454,-898.0960645009454
2291,2271.832340501058,19.167659498942157
2311,2271.832340501058,39.16765949894216
5425,2763.1810014337884,2661.8189985662116
4570,2895.789477788468,1674.210522211532
1637,2273.053201788355,-636.0532017883552
1691,2868.5352657451535,-1177.5352657451535
2436,2299.0865525443724,136.91344745562765
1998,2761.9601401464915,-763.9601401464915
2383,2761.9601401464915,-378.96014014649154
1707,1729.6378393435907,-22.637839343590713
1311,1781.7045408556248,-470.7045408556248
1792,1675.1294152569624,116.87058474303763
2972,2895.789477788468,76.21052221153195
2853,2708.6725773471603,144.3274226528397
1335,1782.925402142922,-447.92540214292194
2152,2789.2143521898056,-637.2143521898056
4851,2708.6725773471603,2142.3274226528397
2585,2326.3407645876864,258.6592354123136
2047,1729.6378393435907,317.3621606564093
1813,1728.4169780562936,84.5830219437064
2266,2735.9267893904744,-469.92678939047437
2266,1755.6711900996077,510.32880990039234
1051,2271.832340501058,-1220.8323405010578
4445,2842.501914989137,1602.4980850108632
1968,1675.1294152569624,292.8705847430376
4184,2869.756127032451,1314.2438729675491
2439,2192.51142694571,246.4885730542901
1780,1702.3836273002764,77.61637269972357
2587,2815.2477029458223,-228.2477029458223
2235,1808.9587528989389,426.0412471010611
1654,2379.6283273870176,-725.6283273870176
3929,2895.789477788468,1033.210522211532
2830,1729.6378393435907,1100.3621606564093
2439,2761.9601401464915,-322.96014014649154
3357,2868.5352657451535,488.46473425484646
2369,2789.2143521898056,-420.2143521898056
1075,1675.1294152569624,-600.1294152569624
4080,2869.756127032451,1210.2438729675491
1939,1702.3836273002764,236.61637269972357
2904,1836.2129649422532,1067.7870350577468
1743,2165.257214902396,-422.25721490239584
2997,1676.3502765442597,1320.6497234557403
3074,2218.544777701727,855.4552222982729
2379,2761.9601401464915,-382.96014014649154
5366,2895.789477788468,2470.210522211532
1742,2379.6283273870176,-637.6283273870176
3907,2842.501914989137,1064.4980850108632
3031,2245.798989745041,785.2010102549589
975,2379.6283273870176,-1404.6283273870176
2603,1728.4169780562936,874.5830219437064
1837,2352.3741153437036,-515.3741153437036
2423,1755.6711900996077,667.3288099003923
1097,2299.0865525443724,-1202.0865525443724
2692,1649.0960645009454,1042.9039354990546
1814,2326.3407645876864,-512.3407645876864
1933,2352.3741153437036,-419.3741153437036
1588,2271.832340501058,-683.8323405010578
3500,1781.7045408556248,1718.2954591443752
1159,2326.3407645876864,-1167.3407645876864
2462,1836.2129649422532,625.7870350577468
3601,2923.043689831782,677.9563101682179
3127,1702.3836273002764,1424.6163726997236
1406,2299.0865525443724,-893.0865525443724
3289,2761.9601401464915,527.0398598535085
764,1621.8418524576314,-857.8418524576314
2132,2761.9601401464915,-629.9601401464915
2612,2895.789477788468,-283.78947778846805
1361,1729.6378393435907,-368.6378393435907
2631,1808.9587528989389,822.0412471010611
1458,1836.2129649422532,-378.21296494225317
1566,2761.9601401464915,-1195.9601401464915
1270,1675.1294152569624,-405.1294152569624
1302,2299.0865525443724,-997.0865525443724
2938,2326.3407645876864,611.6592354123136
848,2761.9601401464915,-1913.9601401464915
1552,2219.765638989024,-667.765638989024
2070,2763.1810014337884,-693.1810014337884
1510,2816.4685642331197,-1306.4685642331197
2242,1675.1294152569624,566.8705847430376
5686,2735.9267893904744,2950.0732106095256
2184,1836.2129649422532,347.78703505774683
3128,2165.257214902396,962.7427850976042
3717,2789.2143521898056,927.7856478101944
3238,2789.2143521898056,448.7856478101944
1944,2869.756127032451,-925.7561270324509
4917,2708.6725773471603,2208.3274226528397
3425,2869.756127032451,555.2438729675491
2486,2352.3741153437036,133.62588465629642
2259,2842.501914989137,-583.5019149891368
1781,2299.0865525443724,-518.0865525443724
5474,2923.043689831782,2550.956310168218
1640,1781.7045408556248,-141.70454085562483
2524,2379.6283273870176,144.37167261298237
3466,2868.5352657451535,597.4647342548465
1728,1782.925402142922,-54.92540214292194
1760,1755.6711900996077,4.3288099003923435
1606,2245.798989745041,-639.7989897450411
1240,1676.3502765442597,-436.3502765442597
2243,2379.6283273870176,-136.62832738701763
1955,1621.8418524576314,333.1581475423686
2543,2271.832340501058,271.16765949894216
2919,2271.832340501058,647.1676594989422
1920,2165.257214902396,-245.25721490239584
3531,2708.6725773471603,822.3274226528397
3406,2816.4685642331197,589.5314357668803
4793,2923.043689831782,1869.956310168218
1815,1675.1294152569624,139.87058474303763
3283,1808.9587528989389,1474.0412471010611
1401,2218.544777701727,-817.5447777017271
3522,2708.6725773471603,813.3274226528397
1570,2763.1810014337884,-1193.1810014337884
2149,2895.789477788468,-746.789477788468
3490,2192.51142694571,1297.48857305429
1374,2735.9267893904744,-1361.9267893904744
2376,2735.9267893904744,-359.92678939047437
3344,2192.51142694571,1151.48857305429
3366,2735.9267893904744,630.0732106095256
1945,2842.501914989137,-897.5019149891368
3180,2219.765638989024,960.234361010976
1324,2379.6283273870176,-1055.6283273870176
2180,2245.798989745041,-65.79898974504113
1600,1728.4169780562936,-128.4169780562936
3217,1676.3502765442597,1540.6497234557403
805,1649.0960645009454,-844.0960645009454
5964,2735.9267893904744,3228.0732106095256
1540,1781.7045408556248,-241.70454085562483
1210,2245.798989745041,-1035.7989897450411
2414,2273.053201788355,140.94679821164482
1322,2326.3407645876864,-1004.3407645876864
3446,2895.789477788468,550.210522211532
3973,2708.6725773471603,1264.3274226528397
3997,2379.6283273870176,1617.3716726129824
858,2245.798989745041,-1387.7989897450411
2412,2763.1810014337884,-351.1810014337884
1427,2219.765638989024,-792.765638989024
1101,2218.544777701727,-1117.544777701727
2021,2842.501914989137,-821.5019149891368
2223,2761.9601401464915,-538.9601401464915
1653,2165.257214902396,-512.2572149023958
1815,1676.3502765442597,138.6497234557403
1468,2218.544777701727,-750.5447777017271
3163,2271.832340501058,891.1676594989422
2213,2165.257214902396,47.742785097604155
870,1621.8418524576314,-751.8418524576314
4040,2763.1810014337884,1276.8189985662116
3421,2869.756127032451,551.2438729675491
1239,2245.798989745041,-1006.7989897450411
790,2218.544777701727,-1428.544777701727
2923,2192.51142694571,730.4885730542901
1825,1782.925402142922,42.07459785707806
1052,2763.1810014337884,-1711.1810014337884
1240,1729.6378393435907,-489.6378393435907
3050,2868.5352657451535,181.46473425484646
1591,2299.0865525443724,-708.0865525443724
2041,1729.6378393435907,311.3621606564093
2649,2245.798989745041,403.2010102549589
2283,2842.501914989137,-559.5019149891368
4352,2895.789477788468,1456.210522211532
1478,1676.3502765442597,-198.3502765442597
2189,2271.832340501058,-82.83234050105784
3004,2735.9267893904744,268.07321060952563
1880,2326.3407645876864,-446.3407645876864
4015,2815.2477029458223,1199.7522970541777
1272,2352.3741153437036,-1080.3741153437036
4681,2842.501914989137,1838.4980850108632
1098,1702.3836273002764,-604.3836273002764
2021,2325.1199033003895,-304.1199033003895
2492,2789.2143521898056,-297.2143521898056
3248,2325.1199033003895,922.8800966996105
3046,1675.1294152569624,1370.8705847430376
2597,2379.6283273870176,217.37167261298237
699,2245.798989745041,-1546.7989897450411
2131,1649.0960645009454,481.90393549905457
1313,2842.501914989137,-1529.5019149891368
3065,2218.544777701727,846.4552222982729
951,2273.053201788355,-1322.0532017883552
3239,2273.053201788355,965.9467982116448
1248,2299.0865525443724,-1051.0865525443724
5424,2761.9601401464915,2662.0398598535085
1928,1782.925402142922,145.07459785707806
2513,2842.501914989137,-329.5019149891368
2318,2761.9601401464915,-443.96014014649154
953,2761.9601401464915,-1808.9601401464915
1873,1782.925402142922,90.07459785707806
1946,2192.51142694571,-246.5114269457099
1245,1649.0960645009454,-404.09606450094543
4350,2789.2143521898056,1560.7856478101944
2175,1836.2129649422532,338.78703505774683
2534,1782.925402142922,751.0745978570781
5767,2761.9601401464915,3005.0398598535085
2355,2735.9267893904744,-380.92678939047437
2544,2868.5352657451535,-324.53526574515354
1971,2218.544777701727,-247.54477770172707
1652,1676.3502765442597,-24.350276544259714
5663,2789.2143521898056,2873.7856478101944
1884,1728.4169780562936,155.5830219437064
2764,2816.4685642331197,-52.46856423311965
2395,2245.798989745041,149.20101025495887
1588,1808.9587528989389,-220.95875289893888
1816,2273.053201788355,-457.0532017883552
1213,1729.6378393435907,-516.6378393435907
2229,1676.3502765442597,552.6497234557403
1655,1755.6711900996077,-100.67119009960766
2808,2763.1810014337884,44.818998566211576
931,1702.3836273002764,-771.3836273002764
3649,2923.043689831782,725.9563101682179
2817,2789.2143521898056,27.785647810194405
936,2352.3741153437036,-1416.3741153437036
2866,2352.3741153437036,513.6258846562964
592,1728.4169780562936,-1136.4169780562936
3110,2299.0865525443724,810.9134474556276
1859,2165.257214902396,-306.25721490239584
1546,1755.6711900996077,-209.67119009960766
1747,2245.798989745041,-498.7989897450411
1522,1702.3836273002764,-180.38362730027643
2649,2735.9267893904744,-86.92678939047437
1565,2165.257214902396,-600.2572149023958
1955,1782.925402142922,172.07459785707806
2088,2271.832340501058,-183.83234050105784
1941,2271.832340501058,-330.83234050105784
2282,2708.6725773471603,-426.6725773471603
666,1755.6711900996077,-1089.6711900996077
3905,2842.501914989137,1062.4980850108632
2528,1649.0960645009454,878.9039354990546
2439,2789.2143521898056,-350.2143521898056
1155,1702.3836273002764,-547.3836273002764
2926,1781.7045408556248,1144.2954591443752
864,1649.0960645009454,-785.0960645009454
3331,2218.544777701727,1112.455222298273
2930,2708.6725773471603,221.3274226528397
5444,2815.2477029458223,2628.7522970541777
3285,2245.798989745041,1039.2010102549589
2803,2761.9601401464915,41.03985985350846
1786,2735.9267893904744,-949.9267893904744
2404,2869.756127032451,-465.7561270324509
2005,2325.1199033003895,-320.1199033003895
1302,2325.1199033003895,-1023.1199033003895
3034,2165.257214902396,868.7427850976042
1660,2192.51142694571,-532.5114269457099
3139,2763.1810014337884,375.8189985662116
1713,1781.7045408556248,-68.70454085562483
667,1621.8418524576314,-954.8418524576314
2214,2815.2477029458223,-601.2477029458223
2808,1755.6711900996077,1052.3288099003923
1737,2868.5352657451535,-1131.5352657451535
2451,2816.4685642331197,-365.46856423311965
2082,2352.3741153437036,-270.3741153437036
2471,1836.2129649422532,634.7870350577468
2294,1702.3836273002764,591.6163726997236
2269,1729.6378393435907,539.3621606564093
1220,1836.2129649422532,-616.2129649422532
2143,1782.925402142922,360.07459785707806
2100,1836.2129649422532,263.78703505774683
1957,1621.8418524576314,335.1581475423686
1490,1649.0960645009454,-159.09606450094543
2414,2245.798989745041,168.20101025495887
1861,2869.756127032451,-1008.7561270324509
2013,2218.544777701727,-205.54477770172707
2511,2789.2143521898056,-278.2143521898056
4342,2815.2477029458223,1526.7522970541777
1570,2842.501914989137,-1272.5019149891368
1248,2325.1199033003895,-1077.1199033003895
3968,2842.501914989137,1125.4980850108632
968,2245.798989745041,-1277.7989897450411
2062,2761.9601401464915,-699.9601401464915
3566,2761.9601401464915,804.0398598535085
1783,1782.925402142922,0.07459785707806077
2542,2868.5352657451535,-326.53526574515354
1003,2165.257214902396,-1162.2572149023958
1262,2352.3741153437036,-1090.3741153437036
2095,1702.3836273002764,392.61637269972357
1687,1621.8418524576314,65.15814754236862
3931,2761.9601401464915,1169.0398598535085
3537,2165.257214902396,1371.7427850976042
1408,2816.4685642331197,-1408.4685642331197
1290,2761.9601401464915,-1471.9601401464915
3596,2816.4685642331197,779.5314357668803
1711,2165.257214902396,-454.25721490239584
2578,2379.6283273870176,198.37167261298237
460,1836.2129649422532,-1376.2129649422532
3231,2815.2477029458223,415.7522970541777
2787,2735.9267893904744,51.07321060952563
1532,1782.925402142922,-250.92540214292194
1284,1649.0960645009454,-365.09606450094543
1748,1728.4169780562936,19.5830219437064
1223,1675.1294152569624,-452.1294152569624
2186,1781.7045408556248,404.2954591443752
2321,1836.2129649422532,484.78703505774683
2983,1728.4169780562936,1254.5830219437064
1280,1676.3502765442597,-396.3502765442597
2529,2708.6725773471603,-179.6725773471603
3299,2815.2477029458223,483.7522970541777
2330,1755.6711900996077,574.3288099003923
1799,1755.6711900996077,43.32880990039234
3362,2923.043689831782,438.9563101682179
1900,1675.1294152569624,224.87058474303763
3888,2895.789477788468,992.210522211532
1813,1675.1294152569624,137.87058474303763
4191,1728.4169780562936,2462.5830219437066
3996,2895.789477788468,1100.210522211532
1741,2352.3741153437036,-611.3741153437036
2678,2923.043689831782,-245.0436898317821
2035,2326.3407645876864,-291.3407645876864
1626,2245.798989745041,-619.7989897450411
1579,2789.2143521898056,-1210.2143521898056
1855,1676.3502765442597,178.6497234557403
1507,1649.0960645009454,-142.09606450094543
2619,2352.3741153437036,266.6258846562964
3195,2735.9267893904744,459.07321060952563
1499,2273.053201788355,-774.0532017883552
2090,1649.0960645009454,440.90393549905457
1566,2218.544777701727,-652.5447777017271
2466,1782.925402142922,683.0745978570781
2069,2325.1199033003895,-256.1199033003895
1769,2245.798989745041,-476.7989897450411
2986,1782.925402142922,1203.074597857078
2306,2245.798989745041,60.201010254958874
2938,2923.043689831782,14.956310168217897
1432,1836.2129649422532,-404.21296494225317
2839,2708.6725773471603,130.3274226528397
2151,2273.053201788355,-122.05320178835518
3060,1676.3502765442597,1383.6497234557403
2069,2895.789477788468,-826.789477788468
1269,2218.544777701727,-949.5447777017271
1877,2352.3741153437036,-475.3741153437036
2299,2218.544777701727,80.45522229827293
1515,2815.2477029458223,-1300.2477029458223
1402,1675.1294152569624,-273.1294152569624
623,1782.925402142922,-1159.925402142922
1829,1781.7045408556248,47.29545914437517
1497,2735.9267893904744,-1238.9267893904744
2540,1781.7045408556248,758.2954591443752
3620,2219.765638989024,1400.234361010976
1902,2352.3741153437036,-450.3741153437036
2010,1755.6711900996077,254.32880990039234
2443,1675.1294152569624,767.8705847430376
1730,1836.2129649422532,-106.21296494225317
889,2326.3407645876864,-1437.3407645876864
1615,2379.6283273870176,-764.6283273870176
1483,2273.053201788355,-790.0532017883552
1793,2816.4685642331197,-1023.4685642331197
1776,1808.9587528989389,-32.95875289893888
2052,2192.51142694571,-140.5114269457099
2248,2299.0865525443724,-51.08655254437235
2146,1728.4169780562936,417.5830219437064
1653,1836.2129649422532,-183.21296494225317
3737,2868.5352657451535,868.4647342548465
1971,2815.2477029458223,-844.2477029458223
3187,2192.51142694571,994.4885730542901
752,2789.2143521898056,-2037.2143521898056
2000,1675.1294152569624,324.8705847430376
1596,2273.053201788355,-677.0532017883552
3139,2219.765638989024,919.234361010976
1924,2708.6725773471603,-784.6725773471603
2708,2763.1810014337884,-55.181001433788424
2121,2868.5352657451535,-747.5352657451535
1020,2219.765638989024,-1199.765638989024
4765,2895.789477788468,1869.210522211532
3308,2326.3407645876864,981.6592354123136
1853,1729.6378393435907,123.36216065640929
1965,1836.2129649422532,128.78703505774683
1959,2273.053201788355,-314.0532017883552
1392,2895.789477788468,-1503.789477788468
2034,2271.832340501058,-237.83234050105784
1507,2218.544777701727,-711.5447777017271
2853,2325.1199033003895,527.8800966996105
2007,1702.3836273002764,304.61637269972357
1266,2245.798989745041,-979.7989897450411
1723,2218.544777701727,-495.54477770172707
790,1702.3836273002764,-912.3836273002764
2592,1728.4169780562936,863.5830219437064
2214,1649.0960645009454,564.9039354990546
1926,1808.9587528989389,117.04124710106112
2269,2352.3741153437036,-83.37411534370358
2639,2815.2477029458223,-176.2477029458223
1413,1808.9587528989389,-395.9587528989389
2523,2273.053201788355,249.94679821164482
1524,2326.3407645876864,-802.3407645876864
1439,2379.6283273870176,-940.6283273870176
3052,2842.501914989137,209.49808501086318
1674,2379.6283273870176,-705.6283273870176
2220,2165.257214902396,54.742785097604155
1214,2325.1199033003895,-1111.1199033003895
1146,2735.9267893904744,-1589.9267893904744
4464,2923.043689831782,1540.956310168218
973,2352.3741153437036,-1379.3741153437036
3325,2735.9267893904744,589.0732106095256
2054,2735.9267893904744,-681.9267893904744
920,1675.1294152569624,-755.1294152569624
1554,2165.257214902396,-611.2572149023958
2664,1755.6711900996077,908.3288099003923
1286,2245.798989745041,-959.7989897450411
2488,1702.3836273002764,785.6163726997236
971,1836.2129649422532,-865.2129649422532
4952,2816.4685642331197,2135.5314357668803
2204,1755.6711900996077,448.32880990039234
2566,2815.2477029458223,-249.2477029458223
3037,1729.6378393435907,1307.3621606564093
1097,1808.9587528989389,-711.9587528989389
1621,2219.765638989024,-598.765638989024
1360,2816.4685642331197,-1456.4685642331197
3015,2326.3407645876864,688.6592354123136
2142,2326.3407645876864,-184.3407645876864
855,2218.544777701727,-1363.544777701727
3115,1755.6711900996077,1359.3288099003923
940,1836.2129649422532,-896.2129649422532
1533,2271.832340501058,-738.8323405010578
1960,1781.7045408556248,178.29545914437517
1813,2869.756127032451,-1056.7561270324509
4466,2761.9601401464915,1704.0398598535085
1440,2325.1199033003895,-885.1199033003895
1884,2815.2477029458223,-931.2477029458223
2188,2816.4685642331197,-628.4685642331197
1803,2815.2477029458223,-1012.2477029458223
2833,2735.9267893904744,97.07321060952563
1664,2245.798989745041,-581.7989897450411
1721,2763.1810014337884,-1042.1810014337884
2025,2219.765638989024,-194.76563898902396
1599,2735.9267893904744,-1136.9267893904744
1285,1621.8418524576314,-336.8418524576314
1586,1729.6378393435907,-143.6378393435907
2016,1649.0960645009454,366.90393549905457
4712,2708.6725773471603,2003.3274226528397
2199,1808.9587528989389,390.0412471010611
2639,1782.925402142922,856.0745978570781
2848,1808.9587528989389,1039.0412471010611
1812,1836.2129649422532,-24.212964942253166
2054,2379.6283273870176,-325.62832738701763
3317,2816.4685642331197,500.53143576688035
2706,2815.2477029458223,-109.24770294582231
3506,2708.6725773471603,797.3274226528397
781,2326.3407645876864,-1545.3407645876864
3590,2895.789477788468,694.210522211532
3294,2868.5352657451535,425.46473425484646
1857,2379.6283273870176,-522.6283273870176
1765,2245.798989745041,-480.7989897450411
1910,2271.832340501058,-361.83234050105784
2421,2379.6283273870176,41.371672612982366
3646,2923.043689831782,722.9563101682179
927,1676.3502765442597,-749.3502765442597
2639,2325.1199033003895,313.8800966996105
1220,1702.3836273002764,-482.38362730027643
3483,2869.756127032451,613.2438729675491
1105,1702.3836273002764,-597.3836273002764
2927,2326.3407645876864,600.6592354123136
2475,2245.798989745041,229.20101025495887
2534,2816.4685642331197,-282.46856423311965
3050,2842.501914989137,207.49808501086318
2233,2165.257214902396,67.74278509760416
1043,2379.6283273870176,-1336.6283273870176
2603,1728.4169780562936,874.5830219437064
2411,2352.3741153437036,58.62588465629642
1689,1808.9587528989389,-119.95875289893888
2629,2815.2477029458223,-186.2477029458223
1264,1781.7045408556248,-517.7045408556248
1565,1728.4169780562936,-163.4169780562936
1045,1729.6378393435907,-684.6378393435907
1359,2192.51142694571,-833.5114269457099
2485,2735.9267893904744,-250.92678939047437
1736,2761.9601401464915,-1025.9601401464915
2153,2165.257214902396,-12.257214902395845
1643,2325.1199033003895,-682.1199033003895
1814,1728.4169780562936,85.5830219437064
1847,2842.501914989137,-995.5019149891368
2483,1755.6711900996077,727.3288099003923
2776,1755.6711900996077,1020.3288099003923
2435,2763.1810014337884,-328.1810014337884
1487,2735.9267893904744,-1248.9267893904744
2064,1836.2129649422532,227.78703505774683
2364,2192.51142694571,171.4885730542901
973,1836.2129649422532,-863.2129649422532
3792,2868.5352657451535,923.4647342548465
2564,1808.9587528989389,755.0412471010611
2357,1836.2129649422532,520.7870350577468
1148,2218.544777701727,-1070.544777701727
2656,2761.9601401464915,-105.96014014649154
2310,2165.257214902396,144.74278509760416
2471,2352.3741153437036,118.62588465629642
1950,1702.3836273002764,247.61637269972357
1469,2165.257214902396,-696.2572149023958
1712,1728.4169780562936,-16.4169780562936
1602,2815.2477029458223,-1213.2477029458223
2196,1728.4169780562936,467.5830219437064
2355,2273.053201788355,81.94679821164482
1943,2352.3741153437036,-409.3741153437036
1148,1728.4169780562936,-580.4169780562936
2551,2761.9601401464915,-210.96014014649154
4882,2869.756127032451,2012.2438729675491
2408,2273.053201788355,134.94679821164482
1385,2326.3407645876864,-941.3407645876864
1463,1649.0960645009454,-186.09606450094543
837,1621.8418524576314,-784.8418524576314
1355,1649.0960645009454,-294.09606450094543
1871,1836.2129649422532,34.787035057746834
6030,2842.501914989137,3187.498085010863
3213,1729.6378393435907,1483.3621606564093
1568,2218.544777701727,-650.5447777017271
3130,2325.1199033003895,804.8800966996105
2768,1728.4169780562936,1039.5830219437064
1841,2219.765638989024,-378.76563898902396
1350,2842.501914989137,-1492.5019149891368
1537,2816.4685642331197,-1279.4685642331197
4314,2842.501914989137,1471.4980850108632
2761,2192.51142694571,568.4885730542901
1148,1782.925402142922,-634.9254021429219
1996,2352.3741153437036,-356.3741153437036
1562,2708.6725773471603,-1146.6725773471603
5391,2816.4685642331197,2574.5314357668803
3745,2789.2143521898056,955.7856478101944
1234,2842.501914989137,-1608.5019149891368
2129,2245.798989745041,-116.79898974504113
2431,2923.043689831782,-492.0436898317821
2902,2761.9601401464915,140.03985985350846
3810,2325.1199033003895,1484.8800966996105
1678,1676.3502765442597,1.6497234557402862
1685,1782.925402142922,-97.92540214292194
1413,2165.257214902396,-752.2572149023958
2255,1782.925402142922,472.07459785707806
2333,2165.257214902396,167.74278509760416
3401,1649.0960645009454,1751.9039354990546
1750,1702.3836273002764,47.61637269972357
2862,2165.257214902396,696.7427850976042
2528,1728.4169780562936,799.5830219437064
3328,1755.6711900996077,1572.3288099003923
2534,2299.0865525443724,234.91344745562765
1468,1781.7045408556248,-313.7045408556248
1297,1621.8418524576314,-324.8418524576314
6142,2923.043689831782,3218.956310168218
1942,2219.765638989024,-277.76563898902396
1530,1836.2129649422532,-306.21296494225317
1488,2842.501914989137,-1354.5019149891368
2814,2379.6283273870176,434.37167261298237
2233,1649.0960645009454,583.9039354990546
2113,1836.2129649422532,276.78703505774683
2028,2326.3407645876864,-298.3407645876864
2175,2326.3407645876864,-151.3407645876864
1441,2379.6283273870176,-938.6283273870176
2790,2895.789477788468,-105.78947778846805
2231,2299.0865525443724,-68.08655254437235
3422,2869.756127032451,552.2438729675491
925,1728.4169780562936,-803.4169780562936
5145,2923.043689831782,2221.956310168218
968,1755.6711900996077,-787.6711900996077
3184,2192.51142694571,991.4885730542901
3235,2761.9601401464915,473.03985985350846
2451,2869.756127032451,-418.7561270324509
1857,2273.053201788355,-416.0532017883552
2780,2923.043689831782,-143.0436898317821
2064,2219.765638989024,-155.76563898902396
1681,1808.9587528989389,-127.95875289893888
2461,1836.2129649422532,624.7870350577468
3197,2842.501914989137,354.4980850108632
1476,2735.9267893904744,-1259.9267893904744
2713,2271.832340501058,441.16765949894216
3312,2842.501914989137,469.4980850108632
4749,2869.756127032451,1879.2438729675491
3779,2816.4685642331197,962.5314357668803
1448,1676.3502765442597,-228.3502765442597
4084,2379.6283273870176,1704.3716726129824
2255,2325.1199033003895,-70.11990330038952
3046,2869.756127032451,176.24387296754912
2130,1755.6711900996077,374.32880990039234
3001,1675.1294152569624,1325.8705847430376
5279,2789.2143521898056,2489.7856478101944
1496,1621.8418524576314,-125.84185245763138
2999,2273.053201788355,725.9467982116448
4784,2815.2477029458223,1968.7522970541777
1765,2273.053201788355,-508.0532017883552
1204,1728.4169780562936,-524.4169780562936
1753,1729.6378393435907,23.362160656409287
2639,2815.2477029458223,-176.2477029458223
2015,2842.501914989137,-827.5019149891368
1368,2923.043689831782,-1555.043689831782
2418,2271.832340501058,146.16765949894216
1828,1755.6711900996077,72.32880990039234
3202,2735.9267893904744,466.07321060952563
1332,2192.51142694571,-860.5114269457099
2945,1782.925402142922,1162.074597857078
2057,2895.789477788468,-838.789477788468
1395,1729.6378393435907,-334.6378393435907
3077,2271.832340501058,805.1676594989422
1275,2218.544777701727,-943.5447777017271
2106,2761.9601401464915,-655.9601401464915
3426,2842.501914989137,583.4980850108632
2686,2735.9267893904744,-49.92678939047437
4723,2868.5352657451535,1854.4647342548465
2506,2869.756127032451,-363.7561270324509
1939,2271.832340501058,-332.83234050105784
2195,1808.9587528989389,386.0412471010611
1319,1702.3836273002764,-383.38362730027643
1640,2245.798989745041,-605.7989897450411
2778,1729.6378393435907,1048.3621606564093
1270,2789.2143521898056,-1519.2143521898056
2436,2325.1199033003895,110.88009669961048
5635,2708.6725773471603,2926.3274226528397
1152,1755.6711900996077,-603.6711900996077
3566,2761.9601401464915,804.0398598535085
1876,1755.6711900996077,120.32880990039234
905,2245.798989745041,-1340.7989897450411
1803,2325.1199033003895,-522.1199033003895
1568,1676.3502765442597,-108.35027654425971
3842,2816.4685642331197,1025.5314357668803
794,2708.6725773471603,-1914.6725773471603
1922,2299.0865525443724,-377.08655254437235
3135,2735.9267893904744,399.07321060952563
4352,2761.9601401464915,1590.0398598535085
3110,2789.2143521898056,320.7856478101944
1558,1676.3502765442597,-118.35027654425971
2747,2842.501914989137,-95.50191498913682
3325,2761.9601401464915,563.0398598535085
3037,2379.6283273870176,657.3716726129824
1731,2816.4685642331197,-1085.4685642331197
1975,2219.765638989024,-244.76563898902396
1437,2218.544777701727,-781.5447777017271
2818,2273.053201788355,544.9467982116448
2778,2789.2143521898056,-11.214352189805595
1557,2165.257214902396,-608.2572149023958
3752,2271.832340501058,1480.1676594989422
2388,1836.2129649422532,551.7870350577468
3302,2379.6283273870176,922.3716726129824
1136,2271.832340501058,-1135.8323405010578
3579,2816.4685642331197,762.5314357668803
2379,2273.053201788355,105.94679821164482
1594,2842.501914989137,-1248.5019149891368
2014,2352.3741153437036,-338.3741153437036
1035,1728.4169780562936,-693.4169780562936
4394,2923.043689831782,1470.956310168218
4858,2923.043689831782,1934.956310168218
3529,2708.6725773471603,820.3274226528397
1729,1675.1294152569624,53.870584743037625
2911,2789.2143521898056,121.7856478101944
2127,2842.501914989137,-715.5019149891368
1588,1781.7045408556248,-193.70454085562483
3048,1702.3836273002764,1345.6163726997236
2009,1782.925402142922,226.07459785707806
2644,2761.9601401464915,-117.96014014649154
1635,2218.544777701727,-583.5447777017271
1503,2192.51142694571,-689.5114269457099
1084,1675.1294152569624,-591.1294152569624
4010,2868.5352657451535,1141.4647342548465
2268,2708.6725773471603,-440.6725773471603
2113,2273.053201788355,-160.05320178835518
1228,2245.798989745041,-1017.7989897450411
1960,2273.053201788355,-313.0532017883552
1605,2815.2477029458223,-1210.2477029458223
2099,2895.789477788468,-796.789477788468
3571,1782.925402142922,1788.074597857078
1762,2273.053201788355,-511.0532017883552
2183,2219.765638989024,-36.765638989023955
4046,2789.2143521898056,1256.7856478101944
2325,2326.3407645876864,-1.340764587686408
2069,1782.925402142922,286.07459785707806
1892,2735.9267893904744,-843.9267893904744
1635,2326.3407645876864,-691.3407645876864
3355,2815.2477029458223,539.7522970541777
3159,1836.2129649422532,1322.7870350577468
793,1649.0960645009454,-856.0960645009454
2743,2761.9601401464915,-18.96014014649154
2448,2735.9267893904744,-287.92678939047437
1302,2761.9601401464915,-1459.9601401464915
1644,2326.3407645876864,-682.3407645876864
1814,1782.925402142922,31.07459785707806
1411,1808.9587528989389,-397.9587528989389
1915,1729.6378393435907,185.3621606564093
1007,1702.3836273002764,-695.3836273002764
3081,2815.2477029458223,265.7522970541777
1573,1782.925402142922,-209.92540214292194
2570,1755.6711900996077,814.3288099003923
3656,2895.789477788468,760.210522211532
2032,1836.2129649422532,195.78703505774683
1114,1675.1294152569624,-561.1294152569624
1730,1675.1294152569624,54.870584743037625
2641,1675.1294152569624,965.8705847430376
1216,2271.832340501058,-1055.8323405010578
1698,1649.0960645009454,48.90393549905457
1571,2165.257214902396,-594.2572149023958
3468,2869.756127032451,598.2438729675491
2668,1649.0960645009454,1018.9039354990546
3755,1728.4169780562936,2026.5830219437064
2563,2352.3741153437036,210.62588465629642
2820,2895.789477788468,-75.78947778846805
2221,1675.1294152569624,545.8705847430376
763,1808.9587528989389,-1045.9587528989389
3261,2761.9601401464915,499.03985985350846
2499,2299.0865525443724,199.91344745562765
1916,2192.51142694571,-276.5114269457099
2057,1755.6711900996077,301.32880990039234
2361,2895.789477788468,-534.789477788468
1869,2192.51142694571,-323.5114269457099
1300,2816.4685642331197,-1516.4685642331197
2784,2299.0865525443724,484.91344745562765
2567,1755.6711900996077,811.3288099003923
2164,2273.053201788355,-109.05320178835518
2740,2761.9601401464915,-21.96014014649154
2938,2271.832340501058,666.1676594989422
1471,2895.789477788468,-1424.789477788468
3300,1781.7045408556248,1518.2954591443752
2612,2815.2477029458223,-203.2477029458223
1487,2219.765638989024,-732.765638989024
2670,2165.257214902396,504.74278509760416
3291,2352.3741153437036,938.6258846562964
4059,2789.2143521898056,1269.7856478101944
1953,1755.6711900996077,197.32880990039234
3894,2379.6283273870176,1514.3716726129824
1845,2379.6283273870176,-534.6283273870176
2807,2192.51142694571,614.4885730542901
1663,1675.1294152569624,-12.129415256962375
1280,1675.1294152569624,-395.1294152569624
1782,2325.1199033003895,-543.1199033003895
2166,2245.798989745041,-79.79898974504113
1824,1755.6711900996077,68.32880990039234
1433,1781.7045408556248,-348.7045408556248
1872,1782.925402142922,89.07459785707806
1556,1836.2129649422532,-280.21296494225317
2262,2325.1199033003895,-63.119903300389524
2515,1728.4169780562936,786.5830219437064
5145,2789.2143521898056,2355.7856478101944
1456,2868.5352657451535,-1412.5352657451535
1860,2326.3407645876864,-466.3407645876864
4300,2761.9601401464915,1538.0398598535085
820,1836.2129649422532,-1016.2129649422532
2893,2219.765638989024,673.234361010976
1911,1808.9587528989389,102.04124710106112
4612,2763.1810014337884,1848.8189985662116
1559,2273.053201788355,-714.0532017883552
3129,1836.2129649422532,1292.7870350577468
3550,2868.5352657451535,681.4647342548465
2730,2165.257214902396,564.7427850976042
2118,2379.6283273870176,-261.62832738701763
1299,2273.053201788355,-974.0532017883552
2679,2218.544777701727,460.45522229827293
1139,2326.3407645876864,-1187.3407645876864
2010,2299.0865525443724,-289.08655254437235
3596,2352.3741153437036,1243.6258846562964
2086,2219.765638989024,-133.76563898902396
2249,1676.3502765442597,572.6497234557403
1697,2192.51142694571,-495.5114269457099
1974,1675.1294152569624,298.8705847430376
2941,2763.1810014337884,177.81899856621158
1086,1728.4169780562936,-642.4169780562936
2161,2192.51142694571,-31.5114269457099
3063,2868.5352657451535,194.46473425484646
2494,1781.7045408556248,712.2954591443752
2666,2708.6725773471603,-42.67257734716031
2369,2245.798989745041,123.20101025495887
2245,2379.6283273870176,-134.62832738701763
1315,1621.8418524576314,-306.8418524576314
4465,2815.2477029458223,1649.7522970541777
5354,2735.9267893904744,2618.0732106095256
1715,2761.9601401464915,-1046.9601401464915
2293,1729.6378393435907,563.3621606564093
2753,2379.6283273870176,373.37167261298237
5098,2869.756127032451,2228.243872967549
1888,2218.544777701727,-330.54477770172707
3097,1729.6378393435907,1367.3621606564093
2364,2271.832340501058,92.16765949894216
3022,2868.5352657451535,153.46473425484646
1362,1836.2129649422532,-474.21296494225317
1135,1676.3502765442597,-541.3502765442597
1258,1649.0960645009454,-391.09606450094543
1716,1781.7045408556248,-65.70454085562483
1486,1728.4169780562936,-242.4169780562936
2212,2273.053201788355,-61.05320178835518
1281,2299.0865525443724,-1018.0865525443724
2791,2735.9267893904744,55.07321060952563
3067,2816.4685642331197,250.53143576688035
2774,1649.0960645009454,1124.9039354990546
1177,2352.3741153437036,-1175.3741153437036
1594,1728.4169780562936,-134.4169780562936
1887,2326.3407645876864,-439.3407645876864
2436,1755.6711900996077,680.3288099003923
3093,1675.1294152569624,1417.8705847430376
2254,2218.544777701727,35.45522229827293
1486,1621.8418524576314,-135.84185245763138
2415,2708.6725773471603,-293.6725773471603
1781,2789.2143521898056,-1008.2143521898056
1669,2352.3741153437036,-683.3741153437036
1455,1729.6378393435907,-274.6378393435907
1984,2868.5352657451535,-884.5352657451535
4545,2869.756127032451,1675.2438729675491
975,2842.501914989137,-1867.5019149891368
877,2271.832340501058,-1394.8323405010578
1179,2218.544777701727,-1039.544777701727
1835,1675.1294152569624,159.87058474303763
1015,1676.3502765442597,-661.3502765442597
1310,1702.3836273002764,-392.38362730027643
1495,1808.9587528989389,-313.9587528989389
2112,2816.4685642331197,-704.4685642331197
1379,1729.6378393435907,-350.6378393435907
2649,2789.2143521898056,-140.2143521898056
1495,2165.257214902396,-670.2572149023958
2443,2789.2143521898056,-346.2143521898056
1421,2379.6283273870176,-958.6283273870176
2635,1675.1294152569624,959.8705847430376
4415,1808.9587528989389,2606.0412471010613
1283,1808.9587528989389,-525.9587528989389
2485,1808.9587528989389,676.0412471010611
2635,1781.7045408556248,853.2954591443752
2023,1676.3502765442597,346.6497234557403
868,2245.798989745041,-1377.7989897450411
2398,1755.6711900996077,642.3288099003923
1822,2869.756127032451,-1047.7561270324509
1332,1755.6711900996077,-423.67119009960766
3309,2789.2143521898056,519.7856478101944
1590,2273.053201788355,-683.0532017883552
2051,1782.925402142922,268.07459785707806
2734,2245.798989745041,488.2010102549589
1851,1755.6711900996077,95.32880990039234
1733,2868.5352657451535,-1135.5352657451535
2453,2273.053201788355,179.94679821164482
2668,2165.257214902396,502.74278509760416
3918,2218.544777701727,1699.455222298273
2218,1675.1294152569624,542.8705847430376
1593,1781.7045408556248,-188.70454085562483
2216,2325.1199033003895,-109.11990330038952
1074,2273.053201788355,-1199.0532017883552
999,1781.7045408556248,-782.7045408556248
1145,1781.7045408556248,-636.7045408556248
1009,2245.798989745041,-1236.7989897450411
3110,2761.9601401464915,348.03985985350846
1795,2352.3741153437036,-557.3741153437036
2806,2299.0865525443724,506.91344745562765
1674,2923.043689831782,-1249.043689831782
1235,2219.765638989024,-984.765638989024
1987,2325.1199033003895,-338.1199033003895
1405,2299.0865525443724,-894.0865525443724
1835,2192.51142694571,-357.5114269457099
1648,1729.6378393435907,-81.63783934359071
2735,2379.6283273870176,355.37167261298237
1757,2842.501914989137,-1085.5019149891368
3798,2842.501914989137,955.4980850108632
4574,2789.2143521898056,1784.7856478101944
1947,2763.1810014337884,-816.1810014337884
1941,2245.798989745041,-304.7989897450411
1118,2219.765638989024,-1101.765638989024
1218,1836.2129649422532,-618.2129649422532
2927,2352.3741153437036,574.6258846562964
3095,2379.6283273870176,715.3716726129824
3246,1782.925402142922,1463.074597857078
1206,2352.3741153437036,-1146.3741153437036
1860,1675.1294152569624,184.87058474303763
2066,2815.2477029458223,-749.2477029458223
1750,1781.7045408556248,-31.704540855624828
2424,1702.3836273002764,721.6163726997236
1970,2271.832340501058,-301.83234050105784
2032,2326.3407645876864,-294.3407645876864
4072,2868.5352657451535,1203.4647342548465
2794,1836.2129649422532,957.7870350577468
1134,2245.798989745041,-1111.7989897450411
6260,2761.9601401464915,3498.0398598535085
2992,2352.3741153437036,639.6258846562964
2789,1675.1294152569624,1113.8705847430376
1764,1649.0960645009454,114.90393549905457
1150,1781.7045408556248,-631.7045408556248
2708,1676.3502765442597,1031.6497234557403
2283,2379.6283273870176,-96.62832738701763
1279,1675.1294152569624,-396.1294152569624
727,2868.5352657451535,-2141.5352657451535
1989,2165.257214902396,-176.25721490239584
2482,2245.798989745041,236.20101025495887
3268,2352.3741153437036,915.6258846562964
3180,2868.5352657451535,311.46473425484646
3155,2895.789477788468,259.21052221153195
1991,2352.3741153437036,-361.3741153437036
1805,2299.0865525443724,-494.08655254437235
3129,2789.2143521898056,339.7856478101944
1471,2708.6725773471603,-1237.6725773471603
4136,2923.043689831782,1212.956310168218
5221,2815.2477029458223,2405.7522970541777
1065,1728.4169780562936,-663.4169780562936
2200,1649.0960645009454,550.9039354990546
2019,2299.0865525443724,-280.08655254437235
2727,1729.6378393435907,997.3621606564093
2229,2218.544777701727,10.455222298272929
1292,1702.3836273002764,-410.38362730027643
2579,2379.6283273870176,199.37167261298237
2478,2218.544777701727,259.45522229827293
4952,2842.501914989137,2109.498085010863
4007,2869.756127032451,1137.2438729675491
1150,2299.0865525443724,-1149.0865525443724
1502,1755.6711900996077,-253.67119009960766
2043,2273.053201788355,-230.05320178835518
3647,2868.5352657451535,778.4647342548465
3712,2761.9601401464915,950.0398598535085
3755,2735.9267893904744,1019.0732106095256
1741,1649.0960645009454,91.90393549905457
1719,2735.9267893904744,-1016.9267893904744
2068,2816.4685642331197,-748.4685642331197
3255,2895.789477788468,359.21052221153195
2949,2869.756127032451,79.24387296754912
3669,2789.2143521898056,879.7856478101944
2193,1675.1294152569624,517.8705847430376
2863,2923.043689831782,-60.0436898317821
1434,2273.053201788355,-839.0532017883552
1349,2218.544777701727,-869.5447777017271
1725,1728.4169780562936,-3.416978056293601
2167,1728.4169780562936,438.5830219437064
3272,2271.832340501058,1000.1676594989422
2001,1728.4169780562936,272.5830219437064
2081,2816.4685642331197,-735.4685642331197
1763,1649.0960645009454,113.90393549905457
1745,2379.6283273870176,-634.6283273870176
1198,1781.7045408556248,-583.7045408556248
2068,2842.501914989137,-774.5019149891368
2631,2379.6283273870176,251.37167261298237
2076,2165.257214902396,-89.25721490239584
1925,1755.6711900996077,169.32880990039234
5616,2735.9267893904744,2880.0732106095256
1833,1808.9587528989389,24.041247101061117
1947,2219.765638989024,-272.76563898902396
3984,2735.9267893904744,1248.0732106095256
2361,1781.7045408556248,579.2954591443752
1851,2273.053201788355,-422.0532017883552
2583,2165.257214902396,417.74278509760416
1382,1675.1294152569624,-293.1294152569624
2212,1702.3836273002764,509.61637269972357
1767,2326.3407645876864,-559.3407645876864
4497,2708.6725773471603,1788.3274226528397
1070,2325.1199033003895,-1255.1199033003895
3942,2842.501914989137,1099.4980850108632
4220,2761.9601401464915,1458.0398598535085
2270,2352.3741153437036,-82.37411534370358
3153,2895.789477788468,257.21052221153195
1393,1781.7045408556248,-388.7045408556248
2665,2219.765638989024,445.23436101097604
1707,2299.0865525443724,-592.0865525443724
2098,2352.3741153437036,-254.37411534370358
3361,2816.4685642331197,544.5314357668803
1082,1621.8418524576314,-539.8418524576314
2426,2352.3741153437036,73.62588465629642
4818,2923.043689831782,1894.956310168218
2632,2165.257214902396,466.74278509760416
4028,2789.2143521898056,1238.7856478101944
2457,2763.1810014337884,-306.1810014337884
909,1649.0960645009454,-740.0960645009454
1438,2299.0865525443724,-861.0865525443724
2923,2245.798989745041,677.2010102549589
1266,1621.8418524576314,-355.8418524576314
1725,2165.257214902396,-440.25721490239584
1646,2218.544777701727,-572.5447777017271
4675,2789.2143521898056,1885.7856478101944
2293,2352.3741153437036,-59.37411534370358
1514,1728.4169780562936,-214.4169780562936
1444,2299.0865525443724,-855.0865525443724
5303,2869.756127032451,2433.243872967549
1386,2708.6725773471603,-1322.6725773471603
4914,2735.9267893904744,2178.0732106095256
1117,2165.257214902396,-1048.2572149023958
3698,2735.9267893904744,962.0732106095256
2712,2379.6283273870176,332.37167261298237
2938,1755.6711900996077,1182.3288099003923
2301,1676.3502765442597,624.6497234557403
1625,2352.3741153437036,-727.3741153437036
1674,2763.1810014337884,-1089.1810014337884
663,2192.51142694571,-1529.51142694571
3197,2735.9267893904744,461.07321060952563
3538,2868.5352657451535,669.4647342548465
3439,2326.3407645876864,1112.6592354123136
1969,2842.501914989137,-873.5019149891368
2924,2815.2477029458223,108.75229705417769
1180,2379.6283273870176,-1199.6283273870176
2202,1649.0960645009454,552.9039354990546
1274,2761.9601401464915,-1487.9601401464915
2254,2708.6725773471603,-454.6725773471603
2573,2816.4685642331197,-243.46856423311965
2408,2789.2143521898056,-381.2143521898056
2210,2352.3741153437036,-142.37411534370358
2608,1808.9587528989389,799.0412471010611
1685,2735.9267893904744,-1050.9267893904744
1783,2192.51142694571,-409.5114269457099
4625,2763.1810014337884,1861.8189985662116
2390,2219.765638989024,170.23436101097604
2313,2379.6283273870176,-66.62832738701763
2521,2815.2477029458223,-294.2477029458223
1354,2271.832340501058,-917.8323405010578
3294,1729.6378393435907,1564.3621606564093
2280,1836.2129649422532,443.78703505774683
2154,1675.1294152569624,478.8705847430376
923,2299.0865525443724,-1376.0865525443724
2085,2868.5352657451535,-783.5352657451535
2845,1782.925402142922,1062.074597857078
1196,2245.798989745041,-1049.7989897450411
4300,2923.043689831782,1376.956310168218
2029,1621.8418524576314,407.1581475423686
915,2816.4685642331197,-1901.4685642331197
1303,2165.257214902396,-862.2572149023958
2310,1808.9587528989389,501.0412471010611
5065,2895.789477788468,2169.210522211532
1161,1781.7045408556248,-620.7045408556248
2599,2326.3407645876864,272.6592354123136
3998,2735.9267893904744,1262.0732106095256
1593,2842.501914989137,-1249.5019149891368
1993,2895.789477788468,-902.789477788468
1416,1755.6711900996077,-339.67119009960766
1327,2273.053201788355,-946.0532017883552
3169,2708.6725773471603,460.3274226528397
1733,1808.9587528989389,-75.95875289893888
2413,2379.6283273870176,33.371672612982366
3372,2245.798989745041,1126.2010102549589
1966,2763.1810014337884,-797.1810014337884
1383,2165.257214902396,-782.2572149023958
4334,2895.789477788468,1438.210522211532
3244,2869.756127032451,374.2438729675491
1287,2352.3741153437036,-1065.3741153437036
1786,2789.2143521898056,-1003.2143521898056
1007,1702.3836273002764,-695.3836273002764
2542,2923.043689831782,-381.0436898317821
2825,2789.2143521898056,35.785647810194405
2669,1836.2129649422532,832.7870350577468
2305,2352.3741153437036,-47.37411534370358
2991,2842.501914989137,148.49808501086318
1552,2923.043689831782,-1371.043689831782
1803,1728.4169780562936,74.5830219437064
1422,2165.257214902396,-743.2572149023958
2091,2708.6725773471603,-617.6725773471603
2298,1702.3836273002764,595.6163726997236
1444,2299.0865525443724,-855.0865525443724
4646,2761.9601401464915,1884.0398598535085
2600,1649.0960645009454,950.9039354990546
1316,1755.6711900996077,-439.67119009960766
1316,2271.832340501058,-955.8323405010578
2438,2326.3407645876864,111.65923541231359
2598,2763.1810014337884,-165.18100143378842
4231,2735.9267893904744,1495.0732106095256
1583,2299.0865525443724,-716.0865525443724
1635,2379.6283273870176,-744.6283273870176
2629,2245.798989745041,383.2010102549589
2441,2923.043689831782,-482.0436898317821
1856,1702.3836273002764,153.61637269972357
1354,1781.7045408556248,-427.7045408556248
1074,2326.3407645876864,-1252.3407645876864
2659,2869.756127032451,-210.75612703245088
2721,2273.053201788355,447.9467982116448
1641,2325.1199033003895,-684.1199033003895
1780,1728.4169780562936,51.5830219437064
2558,1728.4169780562936,829.5830219437064
2020,2923.043689831782,-903.0436898317821
5015,2895.789477788468,2119.210522211532
1590,1728.4169780562936,-138.4169780562936
1817,2273.053201788355,-456.0532017883552
1604,1782.925402142922,-178.92540214292194
2982,1836.2129649422532,1145.7870350577468
1085,2735.9267893904744,-1650.9267893904744
3370,2923.043689831782,446.9563101682179
1565,2271.832340501058,-706.8323405010578
2208,2271.832340501058,-63.83234050105784
2004,2379.6283273870176,-375.62832738701763
1648,1649.0960645009454,-1.096064500945431
1891,2273.053201788355,-382.0532017883552
2608,2923.043689831782,-315.0436898317821
2005,1675.1294152569624,329.8705847430376
1304,2271.832340501058,-967.8323405010578
3395,2895.789477788468,499.21052221153195
1544,2218.544777701727,-674.5447777017271
3551,2325.1199033003895,1225.8800966996105
1448,1702.3836273002764,-254.38362730027643
1545,2299.0865525443724,-754.0865525443724
2626,2326.3407645876864,299.6592354123136
2331,2165.257214902396,165.74278509760416
2146,2219.765638989024,-73.76563898902396
1567,1782.925402142922,-215.92540214292194
3533,2815.2477029458223,717.7522970541777
3062,2379.6283273870176,682.3716726129824
2064,2352.3741153437036,-288.3741153437036
